title,company,company_size,industry,type,salary,company_type,source,experience,education,salary2
招聘数据分析师,北京越铖国际科技有限公司,20-99人,人事/行政/高级管理,全职,8000-12000,民营,斗米,不限,不限,10000.0
数据分析师,北京新东方教育科技（集团）有限公司,,计算机/互联网/信息技术,全职,12000-20000,民营,OFweek人才网,不限,不限,16000.0
数据分析师(新浪),新浪网技术(中国)有限公司,2000-5000人,数据分析师,全职,20000-25000,外商独资/办事处,猎聘,3-5年,本科,22500.0
数据分析师,北京美科思远环境科技有限公司,20-99人,环保/环境科学类,全职,12000-20000,股份制,北极星招聘,不限,硕士,16000.0
助理、临床样本库采样人员、软件工程师、数据库管理工程师、机械设计与结构工程师、Android/iOS应用开发工程师、嵌入式开发工程师、AI算法工程师、统计信息服务、运营管理、绩效管理、卫生政策研究、数据分析、医疗质控助理员、标准化管理专员、物价核算、挂号收费员、档案管理、助理研究员、技师、临床医师、,中国人民解放军总医院（北京市解放军医学院）,,医疗,全职,面议,公立医院,康强医疗人才网,不限,不限,
数据分析师,世纪易联（北京）科技有限公司,,计算机/互联网/信息技术,全职,5000-8000,民营,OFweek人才网,不限,本科,6500.0
BI数据分析师(贝壳找房(北京)科技有限公司),贝壳找房(北京)科技有限公司,1000-2000人,数据分析师,全职,12000-20000,民营,猎聘,5-10年,本科,16000.0
大气源解析数据分析工程师,北京博赛德科技有限公司,20-99人,环保/环境科学类,全职,12000-20000,个人企业,北极星招聘,1-3年,硕士,16000.0
数据分析师,北京陆秦网络科技有限公司,,计算机/互联网/信息技术,全职,8000-12000,民营,OFweek人才网,不限,不限,10000.0
数据分析师-dell公司（北京）,北京易微管理咨询有限公司,,计算机/互联网/信息技术,全职,8000-12000,民营,OFweek人才网,不限,不限,10000.0
数据分析师(国美在线),国美在线电子商务有限公司,2000-5000人,数据分析师,全职,12000-20000,上市公司,猎聘,3-5年,硕士,16000.0
高级数据分析工程师—故障预报方向,金风风电产业集团—客户服务中心,20-99人,质量管理/安全防护类,全职,20000-25000,民营,北极星招聘,3-5年,硕士,22500.0
数据分析师,北京厨芯科技有限公司,,计算机/互联网/信息技术,全职,8000-12000,民营,OFweek人才网,不限,不限,10000.0
数据分析师-呼叫中心方向(优信集团),优舫(北京)信息科技有限公司,5000-10000人,数据分析师,全职,12000-20000,民营,猎聘,3-5年,本科,16000.0
数据分析师(小米),小米科技有限责任公司,10000人以上,数据分析师,全职,20000-25000,民营,猎聘,1-3年,本科,22500.0
质控中心-数据分析高级工程师,金风风电产业集团—客户服务中心,20-99人,质量管理/安全防护类,全职,20000-25000,民营,北极星招聘,3-5年,本科,22500.0
大数据挖掘分析师储干,深圳歌华工艺饰品有限公司,,其它,全职,5000-8000,民营,OFweek人才网,不限,不限,6500.0
数据分析师(炫一下(北京)科技有限公司),分享一下(北京)科技有限公司,500-999人,数据分析师,全职,12000-20000,民营,猎聘,1-3年,本科,16000.0
数据分析师(北京乐纯悠品食品科技有限公司),北京乐纯悠品食品科技有限公司,100-499人,IT/互联网,全职,20000-25000,中外合资/合作,猎聘,3-5年,本科,22500.0
高级数据分析工程师-成本方向,金风风电产业集团—客户服务中心,20-99人,质量管理/安全防护类,全职,20000-25000,民营,北极星招聘,3-5年,硕士,22500.0
数据分析师,北京哈米科技有限公司,,计算机/互联网/信息技术,全职,8000-12000,民营,OFweek人才网,不限,不限,10000.0
数据分析师(北京易点淘网络技术有限公司),北京易点淘网络技术有限公司,1000-2000人,用户运营,全职,12000-20000,民营,猎聘,1-3年,本科,16000.0
数据分析师(睿智合创(北京)科技有限公司),睿智合创(北京)科技有限公司,100-499人,数据分析师,全职,12000-20000,民营,猎聘,3-5年,硕士,16000.0
数据分析师,北京水象科技有限公司,,计算机/互联网/信息技术,全职,8000-12000,民营,OFweek人才网,不限,硕士,10000.0
数据分析师,字节跳动,,计算机/互联网/信息技术,全职,12000-20000,民营,OFweek人才网,不限,不限,16000.0
数据分析师7484(车好多集团),车好多旧机动车经纪(北京)有限公司,10000人以上,数据分析师,全职,12000-20000,民营,猎聘,1-3年,本科,16000.0
BI 数据分析师(北京未来橙网络科技有限公司),北京未来橙网络科技有限公司,100-499人,数据分析师,全职,12000-20000,民营,猎聘,3-5年,本科,16000.0
数据分析师,益博睿信息技术（北京）有限公司,,计算机/互联网/信息技术,全职,12000-20000,外商独资/办事处,OFweek人才网,不限,不限,16000.0
数据分析师（二手车）,汽车之家,1000-9999人,计算机/互联网/信息技术,全职,12000-20000,民营,OFweek人才网,不限,不限,16000.0
数据分析师(京东),北京京东世纪贸易有限公司,10000人以上,财务/人力资源/行政,全职,12000-20000,中外合资/合作,猎聘,3-5年,本科,16000.0
数据分析师（零售创新业务部）(京东),北京京东世纪贸易有限公司,10000人以上,数据分析师,全职,12000-20000,中外合资/合作,猎聘,5-10年,本科,16000.0
地方部 数据分析师,人民网股份有限公司,,计算机/互联网/信息技术,全职,8000-12000,上市公司,OFweek人才网,不限,不限,10000.0
数据分析师,北京融联世纪信息技术有限公司,,计算机/互联网/信息技术,全职,12000-20000,民营,OFweek人才网,不限,不限,16000.0
资深数据分析师(贝壳找房(北京)科技有限公司),贝壳找房(北京)科技有限公司,1000-2000人,数据分析师,全职,25000以上,民营,猎聘,5-10年,本科,25000.0
数据分析师（监察）(贝壳找房(北京)科技有限公司),贝壳找房(北京)科技有限公司,1000-2000人,数据分析师,全职,25000以上,民营,猎聘,5-10年,本科,25000.0
数据分析师（软件工程）,以尧企业发展（上海）有限公司,,计算机/互联网/信息技术,全职,25000以上,民营,OFweek人才网,不限,不限,25000.0
数据分析师,北京银泰精品电子商务有限公司,,计算机/互联网/信息技术,全职,8000-12000,民营,OFweek人才网,不限,不限,10000.0
数据分析师(北京人人云图信息技术有限公司),北京人人云图信息技术有限公司,50-99人,数据分析师,全职,12000-20000,民营,猎聘,1-3年,硕士,16000.0
数据分析师(北京直客通科技有限公司),北京直客通科技有限公司,100-499人,数据分析师,全职,12000-20000,民营,猎聘,1-3年,本科,16000.0
数据分析师,北京美行思远国际教育科技有限公司,,计算机/互联网/信息技术,全职,8000-12000,民营,OFweek人才网,不限,不限,10000.0
数据分析师,北京晶众智慧交通科技股份有限公司,,计算机/互联网/信息技术,全职,5000-8000,民营,OFweek人才网,不限,不限,6500.0
数据分析师(北京纯粹旅行),北京纯粹旅行有限公司,100-499人,数据分析师,全职,12000-20000,民营,猎聘,1-3年,本科,16000.0
数据分析师(北京解客科技有限公司),北京解客科技有限公司,50-99人,数据分析师,全职,12000-20000,外商独资/办事处,猎聘,1-3年,本科,16000.0
数据分析师,第一象限市场咨询（北京）有限公司,,计算机/互联网/信息技术,全职,5000-8000,民营,OFweek人才网,不限,不限,6500.0
数据分析师,北京多彩互动广告有限公司,,计算机/互联网/信息技术,全职,8000-12000,民营,OFweek人才网,不限,不限,10000.0
数据分析师 2名(盛唐科技北京),盛唐科技(北京)有限公司,100-499人,数据分析师,全职,12000-20000,中外合资/合作,猎聘,3-5年,大专,16000.0
数据分析师9263(车好多集团),车好多旧机动车经纪(北京)有限公司,10000人以上,销售/客服/技术支持,全职,12000-20000,民营,猎聘,3-5年,本科,16000.0
数据分析师,北京一猫汽车科技有限公司,,计算机/互联网/信息技术,全职,8000-12000,民营,OFweek人才网,不限,不限,10000.0
诚聘金融数据分析师助理岗位分红五险,北京中天方木教育科技有限公司,,计算机/互联网/信息技术,全职,8000-12000,其它,OFweek人才网,不限,不限,10000.0
R语言数据分析师(北京震元科技有限公司),北京震元科技有限公司,100-499人,算法工程师,全职,12000-20000,民营,猎聘,不限,硕士,16000.0
数据分析师(北京鑫广进燃气设备研究所),北京鑫广进燃气设备研究所,100-499人,数据分析师,全职,12000-20000,民营,猎聘,3-5年,硕士,16000.0
数据分析师,北京九州恒盛电力科技有限公司,,计算机/互联网/信息技术,全职,8000-12000,民营,OFweek人才网,不限,本科,10000.0
数据分析师,诺远征信评级有限公司,,计算机/互联网/信息技术,全职,8000-12000,民营,OFweek人才网,不限,本科,10000.0
金融业务数据分析师(北京瑞泰格科技有限公司),北京瑞泰格科技有限公司,1-49人,企管顾问/专业顾问/策划师,全职,12000-20000,民营,猎聘,1-3年,硕士,16000.0
数据分析师(北京诺信创联科技有限公司),北京诺信创联科技有限公司,50-99人,市场/公关,全职,12000-20000,民营,猎聘,1-3年,本科,16000.0
6k-15k起聘数据分析师助理,北京万向卓迹商贸有限公司,,计算机/互联网/信息技术,全职,8000-12000,中外合资/合作,OFweek人才网,不限,不限,10000.0
数据挖掘分析师,中国移动通信集团北京有限公司,,其它,全职,面议,国企,OFweek人才网,不限,不限,
数据分析师(悦优博迈),北京悦优博迈科技有限公司,1-49人,数据分析师,全职,12000-20000,民营,猎聘,1-3年,本科,16000.0
数据分析师(北京百观科技有限公司),北京百观科技有限公司,1-49人,数据分析师,全职,12000-20000,民营,猎聘,1-3年,本科,16000.0
需求分析师（通信数据）,北京洛神科技有限公司,,其它,全职,8000-12000,民营,OFweek人才网,不限,本科,10000.0
数据分析师(博易智软),博易智软(北京)技术有限公司,100-499人,数据分析师,全职,12000-20000,民营,猎聘,3-5年,大专,16000.0
数据分析师03(北京希为科技有限公司),北京希为科技有限公司,,数据分析师,全职,12000-20000,民营,猎聘,1-3年,本科,16000.0
资深数据分析师-国内全局方向(J190718015)(滴滴),北京嘀嘀无限科技发展有限公司,5000-10000人,数据分析师,全职,12000-20000,外商独资/办事处,猎聘,3-5年,本科,16000.0
数据分析师(海外网传媒有限公司),海外网传媒有限公司,100-499人,数据分析师,全职,8000-12000,国企,猎聘,1-3年,本科,10000.0
农业数据分析师(北京启迪区块链科技发展有限公司),北京启迪区块链科技发展有限公司,100-499人,数据分析师,全职,12000-20000,民营,猎聘,1-3年,本科,16000.0
数据分析师(北京乐信圣文科技有限责任公司),北京乐信圣文科技有限责任公司,100-499人,数据分析师,全职,12000-20000,民营,猎聘,1-3年,本科,16000.0
数据分析师(北京联华永盛投资管理有限公司),北京联华永盛投资管理有限公司,500-999人,数据分析师,全职,12000-20000,民营,猎聘,不限,本科,16000.0
数据分析师(君晟合众(北京)科技有限公司),君晟合众(北京)科技有限公司,100-499人,数据分析师,全职,12000-20000,上市公司,猎聘,3-5年,不限,16000.0
数据分析师(北京音娱时光科技有限公司),北京音娱时光科技有限公司,50-99人,数据分析师,全职,12000-20000,民营,猎聘,1-3年,本科,16000.0
数据分析师(北京亿美软通科技有限公司),北京亿美软通科技有限公司,100-499人,数据分析师,全职,12000-20000,上市公司,猎聘,3-5年,本科,16000.0
数据分析师(易天新动网络),北京易天新动网络科技有限公司,100-499人,IT/互联网,全职,12000-20000,民营,猎聘,1-3年,本科,16000.0
数据分析师(深圳兰宇网络科技有限公司),深圳兰宇网络科技有限公司,100-499人,数据产品经理,全职,12000-20000,民营,猎聘,1-3年,本科,16000.0
数据分析师(中油瑞飞),北京中油瑞飞信息技术有限责任公司,2000-5000人,数据分析师,全职,12000-20000,国企,猎聘,3-5年,本科,16000.0
数据分析师(J10062)(北京启萌教育科技有限公司),北京启萌教育科技有限公司,100-499人,数据分析师,全职,12000-20000,民营,猎聘,3-5年,本科,16000.0
数据分析师-北京(神策网络科技(北京)有限公司),神策网络科技(北京)有限公司,100-499人,咨询/法律/翻译/商标/专利,全职,12000-20000,民营,猎聘,3-5年,本科,16000.0
数据分析师（新零售业务）(宝贝格子(北京)科技有限公司),宝贝格子(北京)科技有限公司,100-499人,数据分析师,全职,12000-20000,上市公司,猎聘,3-5年,本科,16000.0
数据分析师(北京华瑞成业管理顾问有限公司),北京华瑞成业管理顾问有限公司,50-99人,数据分析师,全职,12000-20000,民营,猎聘,3-5年,本科,16000.0
数据分析师(车好多集团),车好多旧机动车经纪(北京)有限公司,10000人以上,数据分析师,全职,20000-25000,民营,猎聘,3-5年,本科,22500.0
数据分析师(中信百信银行股份有限公司),中信百信银行股份有限公司,100-499人,数据分析师,全职,12000-20000,民营,猎聘,不限,本科,16000.0
数据分析师(北京英视睿达科技有限公司),北京英视睿达科技有限公司,100-499人,能源/采掘/化工/环保,全职,12000-20000,民营,猎聘,不限,本科,16000.0
数据分析师(阳光信保公司),阳光信用保证保险股份有限公司,100-499人,数据分析师,全职,面议,民营,猎聘,不限,本科,
数据分析师(北京元海慧诚金融服务外包有限公司),北京元海慧诚金融服务外包有限公司,1000-2000人,数据分析师,全职,12000-20000,民营,猎聘,3-5年,本科,16000.0
数据分析师(北京华来荣信息技术有限公司),北京华来荣信息技术有限公司,50-99人,数据分析师,全职,12000-20000,外商独资/办事处,猎聘,不限,硕士,16000.0
数据分析师(北京汉邦云洲服装服饰有限公司),北京汉邦云洲服装服饰有限公司,,情报信息分析师,全职,8000-12000,民营,猎聘,3-5年,大专,10000.0
数据分析师(北京明日虫洞科技有限公司),北京明日虫洞科技有限公司,50-99人,IT/互联网,全职,12000-20000,民营,猎聘,3-5年,本科,16000.0
数据分析师(北京仕才小筑科技有限公司),北京仕才小筑科技有限公司,,数据分析师,全职,12000-20000,民营,猎聘,3-5年,本科,16000.0
数据分析师13409(车好多集团),车好多旧机动车经纪(北京)有限公司,10000人以上,数据分析师,全职,20000-25000,民营,猎聘,5-10年,不限,22500.0
数据分析师(北京一览科技有限公司),北京一览科技有限公司,100-499人,数据分析师,全职,20000-25000,民营,猎聘,3-5年,本科,22500.0
数据分析师(东软望海科技),望海康信(北京)科技股份公司,1000-2000人,数据分析师,全职,12000-20000,民营,猎聘,5-10年,本科,16000.0
数据分析师(北京艺典网络科技有限公司),北京艺典网络科技有限公司,100-499人,数据分析师,全职,12000-20000,民营,猎聘,3-5年,本科,16000.0
数据分析师(上海冰鉴信息科技有限公司),上海冰鉴信息科技有限公司,100-499人,IT/互联网,全职,12000-20000,民营,猎聘,5-10年,本科,16000.0
数据分析师(广州法老喵网络科技有限公司),广州法老喵网络科技有限公司,500-999人,数据分析师,全职,20000-25000,事业单位,猎聘,5-10年,大专,22500.0
数据分析师9753(车好多集团),车好多旧机动车经纪(北京)有限公司,10000人以上,数据分析师,全职,20000-25000,民营,猎聘,5-10年,本科,22500.0
数据分析师(京东商城),北京京东叁佰陆拾度电子商务有限公司,10000人以上,数据分析师,全职,12000-20000,民营,猎聘,5-10年,本科,16000.0
Data Modeler 数据分析师(益博睿信息技术),益博睿信息技术(北京)有限公司,100-499人,数据分析师,全职,12000-20000,外商独资/办事处,猎聘,1-3年,本科,16000.0
财经数据分析师(北京灵数科技有限公司),北京灵数科技有限公司,1-49人,数据分析师,全职,12000-20000,民营,猎聘,不限,本科,16000.0
数据分析师(滴滴),北京嘀嘀无限科技发展有限公司,5000-10000人,数据分析师,全职,20000-25000,外商独资/办事处,猎聘,3-5年,本科,22500.0
数据分析师(北京沃东天骏信息技术有限公司),北京沃东天骏信息技术有限公司,5000-10000人,数据分析师,全职,20000-25000,上市公司,猎聘,1-3年,本科,22500.0
数据分析师9745(车好多集团),车好多旧机动车经纪(北京)有限公司,10000人以上,销售/客服/技术支持,全职,25000以上,民营,猎聘,3-5年,本科,25000.0
金融数据分析师（金融 二级市场）(投中信息),上海投中信息咨询股份有限公司,100-499人,数据产品经理,全职,25000以上,民营,猎聘,1-3年,本科,25000.0
数据分析师（人力资源方向）(北京尚德在线教育科技有限公司),北京尚德在线教育科技有限公司,10000人以上,数据分析师,全职,12000-20000,上市公司,猎聘,3-5年,本科,16000.0
数据分析师(北京快融保金融信息服务股份有限公司),北京快融保金融信息服务股份有限公司,1-49人,IT/互联网,全职,12000-20000,国企,猎聘,3-5年,大专,16000.0
数据分析师(国内某大型信息技术公司),国内某大型信息技术公司,2000-5000人,数据分析师,全职,12000-20000,国企,猎聘,3-5年,本科,16000.0
数据分析师(马上消费金融股份有限公司),马上消费金融股份有限公司,2000-5000人,能源/采掘/化工/环保,全职,12000-20000,民营,猎聘,1-3年,硕士,16000.0
数据分析师(百度时代网络),百度时代网络技术(北京)有限公司,10000人以上,其他互联网+技术职位,全职,12000-20000,民营,猎聘,3-5年,本科,16000.0
数据分析师(北京天下秀科技股份有限公司),北京天下秀科技股份有限公司,500-999人,数据分析师,全职,12000-20000,中外合资/合作,猎聘,1-3年,本科,16000.0
交通大数据分析师(北京交通发展研究院),北京交通发展研究院,,生产制造/造纸印刷/服装服?汽车设计/制造,全职,12000-20000,民营,猎聘,3-5年,硕士,16000.0
数据分析师(广联达),广联达科技股份有限公司,2000-5000人,数据分析师,全职,20000-25000,上市公司,猎聘,3-5年,本科,22500.0
数据分析师(亚马逊),北京神州祥龙投资管理有限公司,5000-10000人,项目专员/助理,全职,12000-20000,外商独资/办事处,猎聘,3-5年,本科,16000.0
数据分析师(朴新网校),北京美凯达教育科技有限公司,500-999人,数据分析师,全职,12000-20000,民营,猎聘,不限,本科,16000.0
数据分析师(中信银行),中信银行股份有限公司,10000人以上,数据分析师,全职,12000-20000,国企,猎聘,3-5年,本科,16000.0
数据分析师(北京尚德在线教育科技有限公司),北京尚德在线教育科技有限公司,10000人以上,数据分析师,全职,12000-20000,上市公司,猎聘,5-10年,本科,16000.0
数据分析师(360金融),上海淇毓信息科技有限公司,1000-2000人,数据分析师,全职,12000-20000,民营,猎聘,3-5年,本科,16000.0
数据分析师(金恪集团),上海金恪企业管理咨询有限公司,1000-2000人,数据分析师,全职,12000-20000,民营,猎聘,3-5年,本科,16000.0
大数据分析师（GIS方向）(北京零点有数数据科技股份有限公司),北京零点有数数据科技股份有限公司,500-999人,数据分析师,全职,8000-12000,民营,猎聘,不限,本科,10000.0
数据分析师(冰鉴科技),成都冰鉴信息科技有限公司,100-499人,算法工程师,全职,25000以上,民营,猎聘,1-3年,硕士,25000.0
数据分析师（售后部）(小米),小米科技有限责任公司,10000人以上,数据分析师,全职,8000-12000,民营,猎聘,1-3年,本科,10000.0
数据分析师(北京微聚未来科技有限公司),北京微聚未来科技有限公司,500-999人,数据分析师,全职,12000-20000,民营,猎聘,1-3年,本科,16000.0
数据分析师 (MJ000180)(神州数码信息服务股份有限公司),神州数码系统集成服务有限公司,5000-10000人,数据分析师,全职,12000-20000,上市公司,猎聘,3-5年,本科,16000.0
数据分析师(建信融通有限责任公司),建信融通有限责任公司,100-499人,生产制造/造纸印刷/服装服?机械设计/制造/维修,全职,12000-20000,国企,猎聘,3-5年,本科,16000.0
数据分析师(完美),完美世界(北京)软件科技发展有限公司,5000-10000人,数据分析师,全职,12000-20000,外商独资/办事处,猎聘,不限,本科,16000.0
数据分析师(信产集团有限公司),信产集团有限公司,10000人以上,数据分析师,全职,20000-25000,民营,猎聘,3-5年,本科,22500.0
数据分析师(证大向上金融),北京证大向上金融信息服务有限公司,100-499人,金融同业,全职,20000-25000,民营,猎聘,3-5年,本科,22500.0
数据分析师(尚诺科技),尚诺科技(中国)有限公司,500-999人,数据分析师,全职,20000-25000,中外合资/合作,猎聘,3-5年,本科,22500.0
BA-数据分析师(北京圣承方略咨询有限公司),北京圣承方略咨询有限公司,100-499人,数据分析师,全职,20000-25000,民营,猎聘,3-5年,本科,22500.0
数据分析师(联洋国融(北京)科技有限公司),联洋国融(北京)科技有限公司,50-99人,数据分析师,全职,12000-20000,民营,猎聘,1-3年,硕士,16000.0
数据分析师(华壹信融投资管理(北京)有限责任公司),华壹信融投资管理(北京)有限责任公司,100-499人,数据分析师,全职,5000-8000,民营,猎聘,不限,不限,6500.0
数据分析师(人人车),北京善义善美科技有限公司,1000-2000人,数据分析师,全职,12000-20000,民营,猎聘,3-5年,本科,16000.0
数据分析师(微易),杭州微易信息科技有限公司,100-499人,数据分析师,全职,20000-25000,民营,猎聘,3-5年,本科,22500.0
数据分析师(北京航天智造科技发展有限公司),北京航天智造科技发展有限公司,500-999人,数据分析师,全职,12000-20000,国企,猎聘,3-5年,本科,16000.0
数据分析师(北京思维造物信息科技股份有限公司),北京思维造物信息科技股份有限公司,100-499人,数据分析师,全职,25000以上,民营,猎聘,3-5年,本科,25000.0
数据分析师(新浪微博),微梦创科网络科技(中国)有限公司,500-999人,数据分析师,全职,25000以上,民营,猎聘,3-5年,本科,25000.0
数据分析师(银泰网),北京银泰精品电子商务有限公司,500-999人,市场/公关,全职,8000-12000,民营,猎聘,不限,不限,10000.0
数据分析师(J10365)(北京小泽美术培训),北京小泽文化艺术有限公司,500-999人,数据分析师,全职,8000-12000,民营,猎聘,1-3年,大专,10000.0
数据分析师(中科金审(北京)科技有限公司),中科金审(北京)科技有限公司,100-499人,数据分析师,全职,12000-20000,民营,猎聘,3-5年,本科,16000.0
大数据分析师(北京彩智科技有限公司),北京彩智科技有限公司,1-49人,数据分析师,全职,12000-20000,民营,猎聘,5-10年,本科,16000.0
数据分析师(真有两把刷子(北京)科技有限公司),真有两把刷子(北京)科技有限公司,100-499人,数据分析师,全职,20000-25000,民营,猎聘,1-3年,本科,22500.0
数据分析师(北京花牛信息技术有限公司),北京花牛信息技术有限公司,50-99人,数据分析师,全职,25000以上,外商独资/办事处,猎聘,3-5年,本科,25000.0
资深数据分析师(小船出海教育科技(北京)有限公司),小船出海教育科技(北京)有限公司,2000-5000人,数据分析师,全职,12000-20000,中外合资/合作,猎聘,5-10年,本科,16000.0
数据分析师（金融业务）(百融云创科技股份有限公司),百融金融信息服务股份有限公司,500-999人,数据分析师,全职,12000-20000,民营,猎聘,1-3年,本科,16000.0
数据分析师(北京中佳信科技发展有限公司),北京中佳信科技发展有限公司,100-499人,数据分析师,全职,8000-12000,民营,猎聘,1-3年,本科,10000.0
数据分析师(江苏华生基因数据科技股份有限公司),江苏华生基因数据科技股份有限公司,100-499人,数据分析师,全职,12000-20000,民营,猎聘,3-5年,本科,16000.0
数据分析师(时空幻境),时空幻境(北京)科技有限公司,100-499人,数据分析师,全职,25000以上,民营,猎聘,不限,本科,25000.0
大数据分析师(北京大数据研究院),北京大数据研究院,100-499人,数据分析师,全职,8000-12000,事业单位,猎聘,不限,本科,10000.0
数据分析师(北京韩美智恒科技),北京韩美智恒科技有限公司,100-499人,数据分析师,全职,8000-12000,外商独资/办事处,猎聘,1-3年,本科,10000.0
数据分析师(阳光海天集团),北京阳光海天停车管理有限公司,2000-5000人,数据分析师,全职,12000-20000,中外合资/合作,猎聘,5-10年,本科,16000.0
数据分析师（金融行业）(演绎科技),北京演绎科技有限公司,1-49人,行业研究,全职,8000-12000,民营,猎聘,1-3年,本科,10000.0
BI 数据分析师(贝壳找房(北京)科技有限公司),贝壳找房(北京)科技有限公司,1000-2000人,数据分析师,全职,面议,民营,猎聘,3-5年,本科,
数据分析师(贝壳找房(北京)科技有限公司),贝壳找房(北京)科技有限公司,1000-2000人,数据分析师,全职,面议,民营,猎聘,3-5年,本科,
数据分析师(福佑在线),北京福佑在线信息技术有限公司,500-999人,数据分析师,全职,12000-20000,外商独资/办事处,猎聘,3-5年,本科,16000.0
数据分析师-北京(小米),小米科技有限责任公司,10000人以上,数据分析师,全职,面议,民营,猎聘,不限,不限,
高级数据分析师(深圳索信达数据技术有限公司),深圳索信达数据技术有限公司,100-499人,数据分析师,全职,25000以上,外商独资/办事处,猎聘,5-10年,本科,25000.0
数据分析师（金融）(玖富),玖富金科控股集团有限责任公司,1000-2000人,能源/采掘/化工/环保,全职,8000-12000,民营,猎聘,1-3年,本科,10000.0
数据分析师(美团点评),北京三快在线科技有限公司,10000人以上,数据分析师,全职,面议,上市公司,猎聘,3-5年,本科,
数据分析师(北京盛世创先科技股份有限公司),北京盛世创先科技股份有限公司,50-99人,数据分析师,全职,8000-12000,民营,猎聘,不限,本科,10000.0
数据分析师(国广市场调查(北京)有限公司),国广市场调查(北京)有限公司,,数据分析师,全职,5000-8000,民营,猎聘,不限,本科,6500.0
数据分析师(省钱快报),北京九州云动科技有限公司,100-499人,数据分析师,全职,25000以上,民营,猎聘,3-5年,本科,25000.0
数据分析师 (MJ000043)(北京积沙成塔科技有限公司),北京积沙成塔科技有限公司,500-999人,生产制造/造纸印刷/服装服?机械设计/制造/维修,全职,12000-20000,民营,猎聘,1-3年,本科,16000.0
数据分析师（客户执行）(J10130)(秒针信息技术有限公司),北京秒针信息咨询有限公司,100-499人,媒体/广告/出版/艺术创意,全职,5000-8000,外商独资/办事处,猎聘,不限,本科,6500.0
数据分析师(北京神州大象投资管理有限公司),北京神州大象投资管理有限公司,100-499人,数据分析师,全职,8000-12000,民营,猎聘,不限,硕士,10000.0
数据分析师(北京领创智信科技有限公司),北京领创智信科技有限公司,1000-2000人,数据分析师,全职,20000-25000,民营,猎聘,5-10年,本科,22500.0
数据分析师(金诚同达律师事务所),北京金诚同达律师事务所,500-999人,数据分析师,全职,5000-8000,民营,猎聘,不限,本科,6500.0
数据分析师(北京字节跳动科技有限公司),北京字节跳动科技有限公司,10000人以上,数据分析师,全职,12000-20000,民营,猎聘,3-5年,本科,16000.0
数据分析师(北京永利范思科技有限公司),北京永利范思科技有限公司,1-49人,数据挖掘工程师,全职,25000以上,民营,猎聘,3-5年,本科,25000.0
数据分析师(北京数创天下信息科技有限公司),北京数创天下信息科技有限公司,100-499人,数据分析师,全职,8000-12000,民营,猎聘,1-3年,本科,10000.0
数据分析师(祖龙娱乐),祖龙(天津)科技有限公司北京分公司,500-999人,制药/医疗,全职,12000-20000,民营,猎聘,3-5年,本科,16000.0
数据分析师(J13070)(小船出海教育科技(北京)有限公司),小船出海教育科技(北京)有限公司,2000-5000人,数据分析师,全职,20000-25000,中外合资/合作,猎聘,1-3年,本科,22500.0
数据分析师(锐波(北京)科技有限公司),锐波(北京)科技有限公司,100-499人,数据分析师,全职,8000-12000,民营,猎聘,1-3年,本科,10000.0
数据分析师(北京蜜步科技有限公司),北京蜜步科技有限公司,500-999人,数据分析师,全职,5000-8000,民营,猎聘,1-3年,大专,6500.0
数据分析师(椰子壳文化传播(北京)有限公司),椰子壳文化传播(北京)有限公司,1-49人,IT/互联网,全职,5000-8000,民营,猎聘,不限,本科,6500.0
数据分析师(北京宸瑞科技股份有限公司),北京宸瑞科技股份有限公司,100-499人,数据分析师,全职,8000-12000,民营,猎聘,3-5年,本科,10000.0
数据分析师(首页大数据科技股份有限公司),首页大数据科技股份有限公司,50-99人,IT/互联网,全职,8000-12000,民营,猎聘,1-3年,硕士,10000.0
数据分析师(北京军懋国兴科技股份有限公司),北京军懋国兴科技股份有限公司,100-499人,数据分析师,全职,12000-20000,上市公司,猎聘,1-3年,硕士,16000.0
数据分析师(绿点科技),西安绿点信息科技有限公司,100-499人,数据分析师,全职,5000-8000,民营,猎聘,1-3年,本科,6500.0
数据分析师(北京自如生活企业管理有限公司),北京自如生活企业管理有限公司,10000人以上,数据分析师,全职,8000-12000,民营,猎聘,1-3年,本科,10000.0
数据分析师(北京果粒科技有限公司),北京果粒科技有限公司,50-99人,IT/互联网,全职,8000-12000,民营,猎聘,1-3年,本科,10000.0
数据分析师(苏宁体育集团),苏宁体育集团,100-499人,数据分析师,全职,8000-12000,民营,猎聘,3-5年,本科,10000.0
数据分析师(北京快手科技有限公司),北京快手科技有限公司,100-499人,数据分析师,全职,25000以上,民营,猎聘,1-3年,本科,25000.0
数据分析师(维恩咨询),北京维恩咨询有限公司,1-49人,市场/公关,全职,8000-12000,民营,猎聘,1-3年,本科,10000.0
数据分析师(听云),北京基调网络股份有限公司,100-499人,数据分析师,全职,12000-20000,上市公司,猎聘,3-5年,本科,16000.0
数据分析师(北京云思信息科技有限公司),北京云思信息科技有限公司,1-49人,市场/公关,全职,5000-8000,民营,猎聘,1-3年,本科,6500.0
数据分析师(古纳雅尔),凌亚世纪(北京)广告有限公司,100-499人,数据分析师,全职,8000-12000,民营,猎聘,3-5年,本科,10000.0
数据分析师(金山软件),北京金山办公软件股份有限公司,1000-2000人,数据分析师,全职,12000-20000,民营,猎聘,3-5年,本科,16000.0
商业化-数据分析师(北京字节跳动网络技术有限公司),北京字节跳动网络技术有限公司,10000人以上,数据分析师,全职,12000-20000,民营,猎聘,3-5年,本科,16000.0
数据分析师(北京大眼星图文化传媒有限公司),北京大眼星图文化传媒有限公司,50-99人,数据分析师,全职,8000-12000,民营,猎聘,3-5年,本科,10000.0
数据分析师（商业化）(陌陌),北京陌陌信息技术有限公司,1000-2000人,数据分析师,全职,面议,上市公司,猎聘,3-5年,本科,
数据分析师(陌陌),北京陌陌信息技术有限公司,1000-2000人,数据分析师,全职,面议,上市公司,猎聘,3-5年,本科,
数据分析师(东大正保),北京东大正保科技有限公司,1000-2000人,数据分析师,全职,8000-12000,上市公司,猎聘,3-5年,硕士,10000.0
数据分析师(北京市长城企业战略研究所),北京市长城企业战略研究所,100-499人,咨询顾问/咨询员,全职,5000-8000,民营,猎聘,1-3年,本科,6500.0
数据分析师(大成投资管理),成都大成投资管理有限公司,50-99人,数据库开发工程师,全职,8000-12000,民营,猎聘,1-3年,本科,10000.0
Power BI数据分析师(北京敏捷艾科数据技术有限公司),北京敏捷艾科数据技术有限公司,,数据分析师,全职,5000-8000,民营,猎聘,1-3年,大专,6500.0
数据分析师(北京枫叶汽车租赁有限公司),北京枫叶汽车租赁有限公司,100-499人,数据分析师,全职,8000-12000,民营,猎聘,5-10年,本科,10000.0
数据分析师(北京新联财通咨询有限公司),北京新联财通咨询有限公司,100-499人,IT/互联网,全职,8000-12000,民营,猎聘,3-5年,本科,10000.0
数据分析师(财智启创(深圳)投资发展有限公司),财智启创(深圳)投资发展有限公司,50-99人,数据分析师,全职,8000-12000,民营,猎聘,1-3年,本科,10000.0
数据分析师(J11129)(铁甲信息),铁甲信息技术(北京)有限公司,500-999人,数据分析师,全职,8000-12000,民营,猎聘,3-5年,本科,10000.0
数据分析师(索信达(北京)数据技术有限公司),索信达(北京)数据技术有限公司,100-499人,数据分析师,全职,8000-12000,民营,猎聘,5-10年,本科,10000.0
数据分析师(中海投资),北京中海投资管理有限公司,1-49人,数据分析师,全职,8000-12000,国企,猎聘,1-3年,硕士,10000.0
数据分析师(飞拓互联),北京飞拓互联科技有限公司,100-499人,数据分析师,全职,面议,民营,猎聘,3-5年,本科,
数据分析师(天津神舟通用数据技术有限公司),天津神舟通用数据技术有限公司,1-49人,数据分析师,全职,5000-8000,民营,猎聘,1-3年,本科,6500.0
数据分析师(北京积沙成塔科技有限公司),北京积沙成塔科技有限公司,500-999人,数据分析师,全职,20000-25000,民营,猎聘,3-5年,本科,22500.0
数据分析师(北京数字一百),北京数字一百市场咨询有限公司,100-499人,数据分析师,全职,8000-12000,上市公司,猎聘,3-5年,本科,10000.0
数据分析师(北京我爱小城信息科技有限公司),北京我爱小城信息科技有限公司,500-999人,数据分析师,全职,8000-12000,民营,猎聘,1-3年,本科,10000.0
数据分析师(中信消费金融有限公司),中信消费金融有限公司,100-499人,数据分析师,全职,8000-12000,国企,猎聘,1-3年,硕士,10000.0
数据分析师(北京软件和信息服务交易所有限公司),北京软件和信息服务交易所有限公司,100-499人,数据分析师,全职,5000-8000,国企,猎聘,1-3年,本科,6500.0
数据分析师(汇中利通),汇中利通投资管理(北京)有限公司,10000人以上,数据分析师,全职,8000-12000,民营,猎聘,1-3年,本科,10000.0
数据分析师（评分卡）(和信信息服务有限公司),和信信息服务有限公司,5000-10000人,数据分析师,全职,12000-20000,民营,猎聘,1-3年,本科,16000.0
数据分析师(北京灵数科技有限公司),北京灵数科技有限公司,1-49人,数据分析师,全职,8000-12000,民营,猎聘,1-3年,本科,10000.0
数据分析师(泛测环境),泛测(北京)环境科技有限公司,50-99人,IT/互联网,全职,8000-12000,民营,猎聘,1-3年,硕士,10000.0
数据分析师(易观),北京易观智库网络科技有限公司,100-499人,数据分析师,全职,面议,民营,猎聘,3-5年,本科,
大数据分析师(北京中科恒硕科技有限公司),北京中科恒硕科技有限公司,50-99人,IT/互联网,全职,8000-12000,民营,猎聘,1-3年,本科,10000.0
数据分析师(爱奇艺),北京奇艺世纪科技有限公司,5000-10000人,IT/互联网,全职,面议,民营,猎聘,1-3年,本科,
数据分析师(北京百分点信息科技有限公司),北京百分点信息科技有限公司,500-999人,IT/互联网,全职,25000以上,民营,猎聘,5-10年,本科,25000.0
数据分析师(火花思维),玩乐多网络技术(北京)有限公司,1000-2000人,数据分析师,全职,12000-20000,民营,猎聘,1-3年,本科,16000.0
数据分析师(北京斑马天下教育科技有限公司),北京斑马天下教育科技有限公司,100-499人,数据分析师,全职,8000-12000,民营,猎聘,1-3年,本科,10000.0
数据分析师(北京嘉琪伟业科技有限公司),北京嘉琪伟业科技有限公司,,数据分析师,全职,8000-12000,民营,猎聘,5-10年,本科,10000.0
数据分析师(北京法政实业集团有限公司),北京法政实业集团有限公司,1000-2000人,数据分析师,全职,8000-12000,民营,猎聘,3-5年,本科,10000.0
数据分析师(北京创代电子商务有限公司),北京创代电子商务有限公司,,数据分析师,全职,8000-12000,民营,猎聘,不限,本科,10000.0
数据分析师(杭州瑞勤数据技术有限公司),杭州瑞勤数据技术有限公司,1-49人,数据分析师,全职,8000-12000,中外合资/合作,猎聘,不限,本科,10000.0
数据分析师(玖富),玖富金科控股集团有限责任公司,1000-2000人,数据分析师,全职,面议,民营,猎聘,1-3年,本科,
数据分析师(北京中广创思文化传播有限公司),北京中广创思文化传播有限公司,50-99人,数据分析师,全职,面议,国企,猎聘,3-5年,本科,
数据分析师(华农财产保险),华农财产保险股份有限公司,500-999人,数据分析师,全职,5000-8000,国企,猎聘,1-3年,本科,6500.0
数据分析师(和信贷),和信电子商务有限公司天津科技分公司,1000-2000人,数据分析师,全职,5000-8000,民营,猎聘,1-3年,本科,6500.0
数据分析师(北京明思力公关顾问有限公司),北京明思力公关顾问有限公司,50-99人,数据分析师,全职,面议,外商独资/办事处,猎聘,3-5年,本科,
数据分析师(京磁材料),京磁材料科技股份有限公司,1000-2000人,数据分析师,全职,12000-20000,民营,猎聘,3-5年,本科,16000.0
交通数据分析师（北京）(深圳市都市数据技术有限公司),深圳市都市数据技术有限公司,100-499人,生产制造/造纸印刷/服装服?机械设计/制造/维修,全职,8000-12000,民营,猎聘,不限,本科,10000.0
资深数据分析师(北京怡合春天科技有限公司),北京怡合春天科技有限公司,100-499人,数据分析师,全职,面议,民营,猎聘,5-10年,本科,
数据分析师(便利蜂),睦邻企业管理服务(北京)有限公司,5000-10000人,数据挖掘工程师,全职,面议,民营,猎聘,3-5年,本科,
数据分析师(北京小波科技有限公司),北京小波科技有限公司,100-499人,数据分析师,全职,面议,外商独资/办事处,猎聘,3-5年,本科,
数据分析师(盛唐科技北京),盛唐科技(北京)有限公司,100-499人,数据分析师,全职,面议,中外合资/合作,猎聘,3-5年,本科,
数据分析师(北京元气森林饮料有限公司),北京元气森林饮料有限公司,1000-2000人,市场/公关,全职,5000-8000,民营,猎聘,3-5年,本科,6500.0
数据分析师(北京力龙依正通科技有限公司),北京力龙依正通科技有限公司,1-49人,数据分析师,全职,5000-8000,上市公司,猎聘,1-3年,大专,6500.0
数据分析师(深圳市麦盟科技有限公司),深圳市麦盟科技有限公司,100-499人,销售/客服/技术支持,全职,面议,民营,猎聘,不限,本科,
数据分析师（社区内容）(知乎),智者四海(北京)技术有限公司,1000-2000人,数据分析师,全职,面议,民营,猎聘,1-3年,本科,
数据分析师(北京网利科技),北京网利科技有限公司,100-499人,数据分析师,全职,8000-12000,民营,猎聘,1-3年,大专,10000.0
数据分析师(睿驰达新能源汽车科技(北京)有限公司),睿驰达新能源汽车科技(北京)有限公司,100-499人,数据分析师,全职,面议,中外合资/合作,猎聘,3-5年,本科,
数据分析师(创客天下(北京)科技发展有限公司),创客天下(北京)科技发展有限公司,100-499人,数据分析师,全职,8000-12000,民营,猎聘,1-3年,本科,10000.0
数据分析师(北京利特天极企业管理有限公司),北京利特天极企业管理有限公司,,数据运营,全职,8000-12000,民营,猎聘,1-3年,本科,10000.0
数据分析师(美科思远),北京美科思远环境科技有限公司,50-99人,数据分析师,全职,8000-12000,民营,猎聘,3-5年,本科,10000.0
数据分析师(医药魔方),北京华彬立成科技有限公司,50-99人,数据分析师,全职,面议,民营,猎聘,1-3年,本科,
数据分析师(尼尔森网联媒北京分公司),尼尔森网联媒介数据服务有限公司北京分公司,100-499人,数据分析师,全职,5000-8000,中外合资/合作,猎聘,不限,本科,6500.0
数据分析师(中科点击(北京)科技有限公司),中科点击(北京)科技有限公司,100-499人,数据分析师,全职,5000-8000,民营,猎聘,1-3年,大专,6500.0
数据分析师（销售管理方向）(同方股份计算机与多媒体产业本部),同方股份计算机与多媒体产业本部,10000人以上,数据分析师,全职,8000-12000,上市公司,猎聘,1-3年,本科,10000.0
数据分析师(当当网),北京当当网信息技术有限公司,2000-5000人,数据分析师,全职,面议,中外合资/合作,猎聘,5-10年,本科,
数据分析师(北京比邻东方教育科技有限公司),北京比邻东方教育科技有限公司,10000人以上,数据分析师,全职,12000-20000,民营,猎聘,3-5年,本科,16000.0
数据分析师(深圳瑞银信信息技术有限公司),深圳瑞银信信息技术有限公司北京分公司,1000-2000人,数据分析师,全职,面议,民营,猎聘,1-3年,本科,
数据分析师(北京普缇客科技有限公司),北京普缇客科技有限公司,500-999人,数据分析师,全职,8000-12000,民营,猎聘,3-5年,本科,10000.0
数据分析师(北京优全智汇信息技术有限公司),北京优全智汇信息技术有限公司,100-499人,数据分析师,全职,8000-12000,民营,猎聘,3-5年,本科,10000.0
数据分析师(北京志翔科技股份有限公司),北京志翔科技股份有限公司,100-499人,数据分析师,全职,12000-20000,民营,猎聘,不限,本科,16000.0
数据分析师(北京瓴岳信息技术有限公司),北京瓴岳信息技术有限公司,100-499人,数据分析师,全职,面议,民营,猎聘,1-3年,本科,
数据分析师（广告行业）(上海思芮信息科技有限公司),大连斯锐信息技术有限公司,2000-5000人,数据分析师,全职,8000-12000,中外合资/合作,猎聘,1-3年,本科,10000.0
数据分析师（环保）(北京易二零环境股份有限公司),北京易二零环境股份有限公司,100-499人,咨询顾问/咨询员,全职,5000-8000,上市公司,猎聘,不限,硕士,6500.0
数据分析师(软通动力),软通动力信息技术(集团)有限公司,10000人以上,数据分析师,全职,8000-12000,上市公司,猎聘,1-3年,本科,10000.0
数据分析师(北京航天宏图信息技术股份有限公司),北京航天宏图信息技术股份有限公司,1000-2000人,数据分析师,全职,8000-12000,上市公司,猎聘,1-3年,本科,10000.0
战略项目部数据分析师(中国网),中国互联网新闻中心,100-499人,数据分析师,全职,面议,事业单位,猎聘,1-3年,大专,
中级数据分析师(中铁信科技),北京中铁信科技有限公司,100-499人,IT/互联网,全职,8000-12000,国企,猎聘,3-5年,本科,10000.0
数据分析师(爱调研),上海众言网络科技有限公司,100-499人,数据分析师,全职,面议,民营,猎聘,1-3年,本科,
数据分析师(瑞天欣实),北京瑞天欣实数据科技有限公司,50-99人,金融,全职,5000-8000,民营,猎聘,不限,本科,6500.0
数据分析师(北京原子恋科技有限公司),北京原子恋科技有限公司,50-99人,数据分析师,全职,8000-12000,民营,猎聘,3-5年,本科,10000.0
数据分析师(先锋支付有限公司),先锋支付有限公司,500-999人,数据分析师,全职,面议,民营,猎聘,3-5年,本科,
数据分析师(北京达冠信息技术有限公司),北京达冠信息技术有限公司,1000-2000人,数据分析师,全职,面议,民营,猎聘,3-5年,本科,
数据分析师(北京中辉时代商务咨询有限公司),北京中辉时代商务咨询有限公司,50-99人,数据分析师,全职,8000-12000,民营,猎聘,1-3年,本科,10000.0
数据分析师(好运达数据科技(天津)有限公司北京分公司),好运达数据科技(天津)有限公司北京分公司,100-499人,数据分析师,全职,8000-12000,民营,猎聘,3-5年,本科,10000.0
数据分析师(宜信公司),普信恒业科技发展(北京)有限公司,10000人以上,数据分析师,全职,面议,民营,猎聘,1-3年,本科,
数据分析师(昆仑智汇数据科技(北京)有限公司),昆仑智汇数据科技(北京)有限公司,100-499人,数据分析师,全职,面议,民营,猎聘,5-10年,本科,
资深数据分析师(北京城市网邻信息技术有限公司),北京城市网邻信息技术有限公司,10000人以上,数据分析师,全职,25000以上,民营,猎聘,不限,本科,25000.0
数据分析师助理(北京中辉时代商务咨询有限公司),北京中辉时代商务咨询有限公司,50-99人,财务/人力资源/行政,全职,5000-8000,民营,猎聘,不限,本科,6500.0
数据分析师(杭州阿里巴巴音乐科技有限公司),杭州阿里巴巴音乐科技有限公司,,数据分析师,全职,面议,民营,猎聘,3-5年,本科,
数据分析师(上海思芮信息科技有限公司),大连斯锐信息技术有限公司,2000-5000人,数据分析师,全职,8000-12000,中外合资/合作,猎聘,3-5年,本科,10000.0
数据分析师(智明星通),北京智明星通科技股份有限公司,500-999人,生产制造/造纸印刷/服装服?机械设计/制造/维修,全职,8000-12000,民营,猎聘,3-5年,本科,10000.0
数据分析师(时趣),时趣互动(北京)科技有限公司,500-999人,数据分析师,全职,面议,中外合资/合作,猎聘,3-5年,本科,
数据分析师(北京快手科技有限公司),北京达佳互联信息技术有限公司,5000-10000人,数据分析师,全职,面议,民营,猎聘,不限,不限,
数据分析师-X3(北京快手科技有限公司),北京达佳互联信息技术有限公司,5000-10000人,数据分析师,全职,面议,民营,猎聘,不限,不限,
数据分析师(金山云网络),北京金山云网络技术有限公司,1000-2000人,数据分析师,全职,面议,民营,猎聘,3-5年,本科,
数据分析师(北京超职梦想科技有限公司),北京超职梦想科技有限公司,1-49人,数据分析师,全职,面议,外商独资/办事处,猎聘,1-3年,本科,
交通数据分析师(北京)(深圳市都市交通规划设计研究院有限公司),深圳市都市交通规划设计研究院有限公司,100-499人,数据分析师,全职,面议,民营,猎聘,1-3年,本科,
数据分析师(北京大禹未来教育科技有限公司),北京大禹未来教育科技有限公司,100-499人,数据分析师,全职,8000-12000,民营,猎聘,1-3年,本科,10000.0
数据分析师(竞技世界),竞技世界(北京)网络技术有限公司,1000-2000人,数据分析师,全职,20000-25000,民营,猎聘,3-5年,本科,22500.0
数据分析师(万学科技(北京)有限公司),万学科技(北京)有限公司,,数据分析师,全职,3000-5000,民营,猎聘,1-3年,本科,4000.0
数据分析师(北京城市网邻信息技术有限公司),北京城市网邻信息技术有限公司,10000人以上,数据分析师,全职,25000以上,民营,猎聘,3-5年,本科,25000.0
数据分析师(烛龙科技),上海烛龙信息科技有限公司,100-499人,数据分析师,全职,8000-12000,民营,猎聘,1-3年,本科,10000.0
数据分析师(京东物流),北京京东尚科信息技术有限公司,10000人以上,采购/贸易/物流/交通运输,全职,面议,民营,猎聘,3-5年,本科,
数据分析师(北京信思贤科技有限公司),北京信思贤科技有限公司,50-99人,数据分析师,全职,12000-20000,民营,猎聘,1-3年,本科,16000.0
数据分析师（北京）(曙光信息产业(北京)),曙光信息产业(北京)有限公司,1000-2000人,数据分析师,全职,8000-12000,民营,猎聘,1-3年,本科,10000.0
数据分析师(清华同衡),北京清华同衡规划设计研究院有限公司,1000-2000人,数据分析师,全职,面议,国企,猎聘,1-3年,本科,
数据分析师(易联众信息),易联众信息技术股份有限公司,2000-5000人,数据分析师,全职,面议,上市公司,猎聘,3-5年,本科,
数据分析师（北京）(J10456)(北京百分点信息科技有限公司),北京百分点信息科技有限公司,500-999人,数据分析师,全职,8000-12000,民营,猎聘,3-5年,本科,10000.0
数据分析师(中科聚信信息技术(北京)有限公司),中科聚信信息技术(北京)有限公司,100-499人,数据分析师,全职,面议,民营,猎聘,1-3年,本科,
数据分析师(北京爱狄特信息科技有限公司),北京爱狄特信息科技有限公司,100-499人,数据分析师,全职,面议,民营,猎聘,1-3年,本科,
数据分析师(银谷财富(北京)投资管理有限公司),银谷财富(北京)投资管理有限公司,5000-10000人,数据分析师,全职,面议,民营,猎聘,1-3年,大专,
数据分析师(高济医药有限公司),高济医药有限公司,100-499人,数据分析师,全职,面议,民营,猎聘,5-10年,本科,
数据分析师(厚益云科技发展(北京)有限公司),厚益云科技发展(北京)有限公司,100-499人,数据分析师,全职,12000-20000,民营,猎聘,3-5年,本科,16000.0
数据分析师(太和睿信),北京太和睿信企业管理顾问有限公司,100-499人,数据分析师,全职,5000-8000,民营,猎聘,1-3年,本科,6500.0
数据分析师（消费金融）(国美金控),国美金控投资有限公司,2000-5000人,风险控制,全职,面议,民营,猎聘,1-3年,本科,
数据分析师(新意互动),北京新意互动数字技术有限公司,500-999人,数据分析师,全职,8000-12000,上市公司,猎聘,3-5年,本科,10000.0
大数据分析师(北京五洲妇儿医院),北京五洲妇儿医院有限责任公司,500-999人,销售/客服/技术支持,全职,8000-12000,民营,猎聘,10年以上,本科,10000.0
舆情数据分析师(舆情早报网),北京智慧星光信息技术有限公司,500-999人,数据分析师,全职,8000-12000,民营,猎聘,1-3年,大专,10000.0
数据分析师(鲸鱼外教培优),柔持(北京)科技有限公司,500-999人,数据运营,全职,8000-12000,民营,猎聘,1-3年,本科,10000.0
数据分析师(北京高晟财富金融信息服务有限公司),北京高晟财富金融信息服务有限公司,,数据分析师,全职,8000-12000,民营,猎聘,3-5年,本科,10000.0
数据分析师(天弘基金),天弘基金管理有限公司,500-999人,数据分析师,全职,面议,民营,猎聘,1-3年,硕士,
数据分析师(山东浪潮云服务信息科技有限公司),山东浪潮云服务信息科技有限公司,2000-5000人,数据分析师,全职,8000-12000,上市公司,猎聘,1-3年,本科,10000.0
高级数据分析师(北京博睿宏远公司官网),北京博睿宏远数据科技股份有限公司,100-499人,数据分析师,全职,25000以上,民营,猎聘,5-10年,本科,25000.0
数据分析师(北京车联天下信息技术有限公司),北京车联天下信息技术有限公司,100-499人,数据分析师,全职,8000-12000,民营,猎聘,3-5年,本科,10000.0
大数据分析师(北京天亿弘方投资管理有限公司),北京天亿弘方投资管理有限公司,50-99人,疾病控制/公共卫生,全职,面议,上市公司,猎聘,1-3年,硕士,
数据分析师(中建材信息技术股份有限公司),中建材信息技术股份有限公司,500-999人,数据分析师,全职,25000以上,国企,猎聘,5-10年,本科,25000.0
数据分析师(麦田房产),北京麦田房产经纪有限公司,5000-10000人,数据分析师,全职,8000-12000,民营,猎聘,1-3年,本科,10000.0
风控策略分析师数据分析师(融慧金科金融服务外包(北京)有限公司),融慧金科金融服务外包(北京)有限公司,100-499人,数据分析师,全职,8000-12000,民营,猎聘,不限,本科,10000.0
数据分析师(北京七麦科技股份有限公司),北京七麦科技股份有限公司,100-499人,数据分析师,全职,8000-12000,上市公司,猎聘,1-3年,本科,10000.0
大数据分析师(四川长虹佳华信息产品有限责任公司),四川长虹佳华信息产品有限责任公司,1000-2000人,数据分析师,全职,面议,上市公司,猎聘,1-3年,本科,
数据分析师(J10689)(阳光雨露信息技术服务(北京)),阳光雨露信息技术服务(北京)有限公司,2000-5000人,数据分析师,全职,8000-12000,中外合资/合作,猎聘,3-5年,本科,10000.0
数据分析师(北京数城未来科技有限公司),北京数城未来科技有限公司,1-49人,IT/互联网,全职,8000-12000,民营,猎聘,不限,本科,10000.0
数据分析师（金融风控方向）(北京极速云科技发展有限公司),北京极速云科技发展有限公司,100-499人,数据分析师,全职,8000-12000,民营,猎聘,1-3年,本科,10000.0
数据分析师（北京）(厦门市美亚柏科信息股份有限公司),厦门市美亚柏科信息股份有限公司,1000-2000人,数据分析师,全职,面议,上市公司,猎聘,3-5年,本科,
数据分析师(和信信息服务有限公司),和信信息服务有限公司,5000-10000人,金融,全职,5000-8000,民营,猎聘,1-3年,本科,6500.0
数据分析师(58同城),北京五八信息技术有限公司,10000人以上,数据分析师,全职,8000-12000,中外合资/合作,猎聘,1-3年,本科,10000.0
数据分析师（北京）(丁香园),观澜网络(杭州)有限公司,1000-2000人,数据分析师,全职,8000-12000,外商独资/办事处,猎聘,1-3年,本科,10000.0
埋点数据分析师(北京字节跳动网络技术有限公司),北京字节跳动网络技术有限公司,10000人以上,数据分析师,全职,面议,民营,猎聘,1-3年,本科,
数据分析师(新智认知),新智认知数据服务有限公司,1000-2000人,数据分析师,全职,3000-5000,上市公司,猎聘,1-3年,本科,4000.0
数据分析师(狮桥集团),狮桥融资租赁(中国)有限公司,2000-5000人,数据分析师,全职,8000-12000,中外合资/合作,猎聘,3-5年,本科,10000.0
数据分析师(北京字节跳动网络技术有限公司),北京字节跳动网络技术有限公司,10000人以上,销售/客服/技术支持,全职,面议,民营,猎聘,3-5年,本科,
风控数据分析师(证大向上金融),北京证大向上金融信息服务有限公司,100-499人,数据分析师,全职,面议,民营,猎聘,1-3年,本科,
,苏州辽翼电子科技有限公司,其它,普工|技工|生产|机械,全职,5500-12000,民营,,不限,不限,8750.0
几招普工双休五险,北京天健源达科技股份有限公司,20-99人,普工,全职,3150-5650,民营,普工招聘网,1-3年,初中,4400.0
急聘跟单 普工 搬运工,上海移诺国际物流有限公司13,20-99人,装卸工,全职,6000-8000,民营,工厂直聘网,1-3年,初中,7000.0
情侣宿舍＋仓管电子厂＋普工电子,苏州皇亭电子有限公司,500-999人,运输/物流/仓管,全职,5001-8000,民营,百姓网,不限,不限,6500.5
不压工资＋仓管质检＋招聘普工,苏州皇亭电子有限公司,500-999人,运输/物流/仓管,全职,5001-8000,民营,百姓网,不限,不限,6500.5
生产普工,鞍山市千山区成阳家俱厂,20-99人,普工,全职,2800-3500,民营,普工招聘网,1-3年,初中,3150.0
招聘安装工/普工,沈阳婷凡汽车用品有限公司,20-99人,技工|工人|生产|机械,全职,3000-5000,民营,斗米,不限,不限,4000.0
装卸工/普工男女不限,沈阳市中远物流中心,20-99人,,全职,5000-8000,民营,斗米,不限,初中,6500.0
直聘保安 搬运工 普工,上海旭扬航运服务有限公司14,20-99人,焊工,全职,6000-8000,民营,工厂直聘网,1-3年,初中,7000.0
全程免费＋普工技工＋仓管检验,苏州皇亭电子有限公司,500-999人,运输/物流/仓管,全职,5001-8000,民营,百姓网,不限,不限,6500.5
高薪诚聘搬运工/普工管吃住,沈阳正道货物运输有限公司,20-99人,,全职,5000-8000,民营,斗米,不限,初中,6500.0
招聘送货工/普工,丽城,20-99人,餐饮|酒店|超市|服务业,全职,2000-3000,民营,斗米,不限,不限,2500.0
直招普工,辽宁佳义电缆有限公司,20-99人,普工,全职,3000-6000,民营,普工招聘网,1-3年,初中,4500.0
通讯补贴＋仓管苏州电子厂＋急聘普工,苏州皇亭电子有限公司,500-999人,运输/物流/仓管,全职,5001-8000,民营,百姓网,不限,不限,6500.5
生日福利＋仓管质检＋电子普工,苏州皇亭电子有限公司,500-999人,运输/物流/仓管,全职,5001-8000,民营,百姓网,不限,不限,6500.5
普工,鞍山金鼎门业有限公司,20-99人,普工,全职,2500-4000,民营,普工招聘网,1-3年,初中,3250.0
装卸工/普工15名急,沈阳鑫达东方物流有限公司,20-99人,,全职,5000-8000,民营,斗米,不限,初中,6500.0
急招聘装卸工/普工,沈阳鑫达东方物流有限公司,20-99人,,全职,5000-8000,民营,斗米,不限,不限,6500.0
,伊都（上海）货运代理有限公司,100,普工|技工|生产|机械,全职,9000-12000,个人企业,,不限,不限,10500.0
,苏州横唐电子科技有限公司,其它,普工|技工|生产|机械,全职,5500-15000,民营,,不限,不限,10250.0
数据分析师(北京萌宝科技有限公司),北京萌宝科技有限公司,100-499人,数据分析师,全职,12000-20000,民营,猎聘,3-5年,本科,16000.0
大数据分析师（算法）(智慧足迹数据科技有限公司),智慧足迹数据科技有限公司,100-499人,数据分析师,全职,面议,中外合资/合作,猎聘,1-3年,本科,
大数据分析师(大有秦鼎(北京)科技有限公司),大有秦鼎(北京)科技有限公司,100-499人,数据分析师,全职,20000-25000,民营,猎聘,1-3年,本科,22500.0
数据分析师(北京凯声文化传媒有限责任公司),北京凯声文化传媒有限责任公司,100-499人,数据分析师,全职,20000-25000,民营,猎聘,3-5年,本科,22500.0
数据分析师(爱回收),上海悦易网络信息技术有限公司,5000-10000人,数据分析师,全职,12000-20000,民营,猎聘,3-5年,本科,16000.0
数据分析师(北京未来购电子商务有限公司),北京未来购电子商务有限公司,10000人以上,数据分析师,全职,12000-20000,民营,猎聘,不限,本科,16000.0
数据分析师(纳什空间),纳什空间创业科技(北京)有限公司,500-999人,数据分析师,全职,12000-20000,民营,猎聘,3-5年,本科,16000.0
数据分析师(圆心科技),北京圆心科技有限公司,1000-2000人,数据分析师,全职,12000-20000,民营,猎聘,3-5年,本科,16000.0
数据运营分析师-H端(优信集团),优舫(北京)信息科技有限公司,5000-10000人,销售/客服/技术支持,全职,8000-12000,民营,猎聘,1-3年,本科,10000.0
数据分析师(好贷天下信息),好贷天下信息技术(北京)有限公司,100-499人,数据分析师,全职,12000-20000,民营,猎聘,3-5年,本科,16000.0
数据分析师 Business Analyst(外资汽车金融服务公司),外资汽车金融服务公司,500-999人,数据分析师,全职,12000-20000,外商独资/办事处,猎聘,1-3年,本科,16000.0
大数据分析师(智慧足迹数据科技有限公司),智慧足迹数据科技有限公司,100-499人,数据分析师,全职,面议,中外合资/合作,猎聘,3-5年,本科,
高级数据分析师(智慧足迹数据科技有限公司),智慧足迹数据科技有限公司,100-499人,数据分析师,全职,面议,中外合资/合作,猎聘,5-10年,硕士,
数据分析师 (MJ000134)(北京新东方迅程网络科技股份有限公司),北京新东方迅程网络科技股份有限公司,2000-5000人,数据分析师,全职,12000-20000,民营,猎聘,3-5年,本科,16000.0
数据分析师(中国中化),中国中化股份有限公司,10000人以上,数据分析师,全职,8000-12000,上市公司,猎聘,3-5年,本科,10000.0
数据分析师(某婚恋社交独角兽),某婚恋社交独角兽,100-499人,数据分析师,全职,20000-25000,民营,猎聘,3-5年,本科,22500.0
数据分析师(探探),探探,100-499人,数据分析师,全职,20000-25000,民营,猎聘,3-5年,本科,22500.0
资深数据商业分析师13137(车好多集团),车好多旧机动车经纪(北京)有限公司,10000人以上,销售/客服/技术支持,全职,25000以上,民营,猎聘,5-10年,本科,25000.0
数据分析师(国内某一线社交平台),国内某一线社交平台,100-499人,数据分析师,全职,25000以上,民营,猎聘,1-3年,本科,25000.0
数据分析师(北京合美国际教育咨询有限公司),北京合美国际教育咨询有限公司,100-499人,数据分析师,全职,12000-20000,民营,猎聘,3-5年,本科,16000.0
数据分析师(北京正东金控信息服务有限公司),北京正东金控信息服务有限公司,,数据分析师,全职,25000以上,民营,猎聘,3-5年,本科,25000.0
数据分析师(税友软件集团),税友软件集团股份有限公司,2000-5000人,数据分析师,全职,12000-20000,民营,猎聘,3-5年,本科,16000.0
数据分析师(气味图书馆),北京奕天世代商贸有限公司,100-499人,销售/客服/技术支持,全职,25000以上,民营,猎聘,5-10年,本科,25000.0
数据分析师(微加普惠),云南微加经济信息咨询有限公司,100-499人,数据分析师,全职,20000-25000,民营,猎聘,3-5年,本科,22500.0
数据分析师(国内知名互联网公司),国内知名互联网公司,5000-10000人,数据分析师,全职,25000以上,民营,猎聘,3-5年,本科,25000.0
资深数据分析师(北京中经惠众科技有限公司),北京中经惠众科技有限公司,100-499人,数据分析师,全职,12000-20000,民营,猎聘,5-10年,本科,16000.0
数据分析师(北京中汽院科技有限公司),北京中汽院科技有限公司,50-99人,算法工程师,全职,12000-20000,上市公司,猎聘,1-3年,本科,16000.0
数据分析师（广告流量方向）(北京数字联盟网络科技有限公司),北京数字联盟网络科技有限公司,100-499人,数据分析师,全职,12000-20000,民营,猎聘,3-5年,本科,16000.0
数据分析师(北京锦创合生科技有限公司),北京锦创合生科技有限公司,100-499人,数据分析师,全职,12000-20000,民营,猎聘,1-3年,本科,16000.0
数据分析师(欧科互动网络科技(北京)有限公司),欧科互动网络科技(北京)有限公司,500-999人,数据分析师,全职,25000以上,民营,猎聘,5-10年,本科,25000.0
数据分析师(新英体育),新英体育咨询(北京)有限公司,100-499人,数据分析师,全职,12000-20000,民营,猎聘,1-3年,本科,16000.0
数据分析师(小船出海教育科技(北京)有限公司),小船出海教育科技(北京)有限公司,2000-5000人,数据分析师,全职,12000-20000,中外合资/合作,猎聘,1-3年,本科,16000.0
行业信用分析师(中经网数据),中经网数据有限公司,100-499人,情报信息分析师,全职,8000-12000,国企,猎聘,不限,硕士,10000.0
数据分析师(深圳索信达数据技术有限公司),深圳索信达数据技术有限公司,100-499人,数据分析师,全职,20000-25000,外商独资/办事处,猎聘,5-10年,本科,22500.0
数据分析师（北京美凯龙爱家）(红星美凯龙家居),红星美凯龙家居集团股份有限公司,10000人以上,数据分析师,全职,12000-20000,上市公司,猎聘,不限,本科,16000.0
数据分析（建模）师(福建省瑞康信息技术有限公司),福建省瑞康信息技术有限公司,,数据分析师,全职,12000-20000,民营,猎聘,3-5年,本科,16000.0
数据分析师（策略部）(闪送),北京同城必应科技有限公司,500-999人,数据分析师,全职,12000-20000,民营,猎聘,3-5年,本科,16000.0
数据分析师（运营部）(闪送),北京同城必应科技有限公司,500-999人,数据分析师,全职,12000-20000,民营,猎聘,3-5年,本科,16000.0
数据分析师(闪送),北京同城必应科技有限公司,500-999人,数据分析师,全职,12000-20000,民营,猎聘,3-5年,本科,16000.0
数据分析师(北京泡泡玛特文化创意有限公司),北京泡泡玛特文化创意有限公司,500-999人,数据分析师,全职,20000-25000,民营,猎聘,3-5年,本科,22500.0
数据分析师(xx公司),xx公司,100-499人,数据分析师,全职,25000以上,民营,猎聘,1-3年,不限,25000.0
北京-数据分析师(便利蜂),睦邻企业管理服务(北京)有限公司,5000-10000人,数据分析师,全职,8000-12000,民营,猎聘,不限,本科,10000.0
数据统计分析师(北京韩美智恒科技),北京韩美智恒科技有限公司,100-499人,销售/客服/技术支持,全职,8000-12000,外商独资/办事处,猎聘,不限,本科,10000.0
数据分析师(某知名排名前列股份制银行),某知名排名前列股份制银行,5000-10000人,数据分析师,全职,25000以上,上市公司,猎聘,1-3年,本科,25000.0
数据分析师(美林数据技术股份有限公司),美林数据技术股份有限公司,100-499人,数据分析师,全职,8000-12000,民营,猎聘,1-3年,本科,10000.0
数据分析师(蜜莱坞网络),北京蜜莱坞网络科技有限公司,500-999人,数据分析师,全职,25000以上,上市公司,猎聘,3-5年,本科,25000.0
数据分析师(北京转转精神科技有限责任公司),北京转转精神科技有限责任公司,1000-2000人,数据分析师,全职,12000-20000,民营,猎聘,1-3年,本科,16000.0
数据分析师(华宇信息),北京华宇信息技术有限公司,2000-5000人,数据分析师,全职,12000-20000,上市公司,猎聘,3-5年,本科,16000.0
数据分析师(某大数据公司),某大数据公司,100-499人,数据分析师,全职,20000-25000,民营,猎聘,5-10年,本科,22500.0
中高级数据分析挖掘师(深圳索信达数据技术有限公司),深圳索信达数据技术有限公司,100-499人,算法工程师,全职,25000以上,外商独资/办事处,猎聘,3-5年,本科,25000.0
数据分析师(呷哺呷哺),呷哺呷哺餐饮管理有限公司,10000人以上,IT/互联网,全职,8000-12000,中外合资/合作,猎聘,5-10年,本科,10000.0
数据分析师(阳光保险集团),阳光保险集团股份有限公司,10000人以上,数据分析师,全职,面议,民营,猎聘,不限,本科,
数据分析师目的地事业部 (MJ002971)(去哪儿),北京趣拿软件科技有限公司,5000-10000人,数据分析师,全职,8000-12000,民营,猎聘,1-3年,大专,10000.0
数据挖掘分析工程师(深圳索信达数据技术有限公司),深圳索信达数据技术有限公司,100-499人,数据挖掘工程师,全职,25000以上,外商独资/办事处,猎聘,5-10年,本科,25000.0
数据分析师(国内某知名电商公司),国内某知名电商公司,1000-2000人,数据分析师,全职,25000以上,民营,猎聘,3-5年,不限,25000.0
需求分析师(金财互联数据服务有限公司),金财互联数据服务有限公司,1000-2000人,IT/互联网,全职,12000-20000,上市公司,猎聘,5-10年,本科,16000.0
数据分析师(某文化发展公司),某文化发展公司,100-499人,数据分析师,全职,25000以上,民营,猎聘,3-5年,本科,25000.0
数据分析师(J11780)(华宇信息),北京华宇信息技术有限公司,2000-5000人,数据分析师,全职,12000-20000,上市公司,猎聘,3-5年,本科,16000.0
BI数据分析师(真有两把刷子(北京)科技有限公司),真有两把刷子(北京)科技有限公司,100-499人,数据产品经理,全职,20000-25000,民营,猎聘,3-5年,本科,22500.0
行业大数据分析师(睿至大数据),北京睿至大数据有限公司,100-499人,数据分析师,全职,20000-25000,民营,猎聘,5-10年,本科,22500.0
大数据高级分析师(中实博睿),北京中实博睿咨询服务有限公司,100-499人,数据分析师,全职,25000以上,上市公司,猎聘,3-5年,本科,25000.0
数据分析师(北京某互联网公司),北京某互联网公司,100-499人,数据分析师,全职,25000以上,民营,猎聘,3-5年,本科,25000.0
数据分析师(北京微酷客科技有限公司),北京微酷客科技有限公司,100-499人,数据分析师,全职,8000-12000,民营,猎聘,1-3年,本科,10000.0
数据分析师(龙信数据),龙信数据(北京)有限公司,100-499人,情报信息分析师,全职,8000-12000,民营,猎聘,1-3年,本科,10000.0
资深数据分析师(某金融公司),某金融公司,2000-5000人,数据分析师,全职,25000以上,民营,猎聘,5-10年,本科,25000.0
数据分析师(阅文集团),上海阅文信息技术有限公司,1000-2000人,数据分析师,全职,面议,民营,猎聘,3-5年,本科,
数据分析师(河北幸福消费金融股份有限公司),河北幸福消费金融股份有限公司,100-499人,IT/互联网,全职,12000-20000,民营,猎聘,3-5年,本科,16000.0
数据 分析师(北京尚德在线教育科技有限公司),北京尚德在线教育科技有限公司,10000人以上,数据分析师,全职,8000-12000,上市公司,猎聘,3-5年,本科,10000.0
数据分析师助理(嘉诺控股集团有限公司),嘉诺控股集团有限公司,,数据分析师,全职,5000-8000,民营,猎聘,不限,不限,6500.0
数据分析师(上海南燕信息技术有限公司),上海南燕信息技术有限公司,100-499人,生产制造/造纸印刷/服装服?汽车销售/服务,全职,5000-8000,民营,猎聘,不限,不限,6500.0
数据分析师(北京宜搜天下科技有限公司),北京宜搜天下科技有限公司,100-499人,数据分析师,全职,8000-12000,上市公司,猎聘,3-5年,本科,10000.0
数据分析师(司羽通信),上海司羽通信设备有限公司,50-99人,数据分析师,全职,8000-12000,民营,猎聘,3-5年,大专,10000.0
数据分析师(美菜),北京云杉信息技术有限公司,5000-10000人,数据分析师,全职,20000-25000,民营,猎聘,3-5年,大专,22500.0
数据分析师(友信金服),北京友信科技有限公司,10000人以上,数据运营,全职,12000-20000,民营,猎聘,3-5年,本科,16000.0
数据分析师(北京利通汽车咨询服务有限公司),北京利通汽车咨询服务有限公司,2000-5000人,销售/客服/技术支持,全职,8000-12000,民营,猎聘,3-5年,本科,10000.0
数据分析师(中软国际科技),中软国际科技服务有限公司,10000人以上,数据分析师,全职,12000-20000,民营,猎聘,3-5年,本科,16000.0
风险数据分析师(某知名互联网金融公司),某知名互联网金融公司,10000人以上,能源/采掘/化工/环保,全职,25000以上,民营,猎聘,3-5年,本科,25000.0
数据分析师(北京冠德车到网络科技有限公司),北京冠德车到网络科技有限公司,100-499人,数据分析师,全职,5000-8000,民营,猎聘,1-3年,本科,6500.0
数据分析师(北京君业伟合科技有限公司),北京君业伟合科技有限公司,,数据分析师,全职,8000-12000,民营,猎聘,1-3年,本科,10000.0
数据分析师(华为),华为技术有限公司,10000人以上,数据分析师,全职,面议,民营,猎聘,5-10年,本科,
数据分析师负责人(国内知名互联网公司),国内知名互联网公司,10000人以上,IT/互联网,全职,25000以上,民营,猎聘,5-10年,本科,25000.0
数据分析师(国内某知名在线),国内某知名在线,100-499人,数据分析师,全职,8000-12000,民营,猎聘,1-3年,不限,10000.0
数据分析师(雅昌文化集团),雅昌文化(集团)有限公司,2000-5000人,数据分析师,全职,8000-12000,民营,猎聘,3-5年,本科,10000.0
数据分析师(北京万向天乾科技有限公司),北京万向天乾科技有限公司,,证券分析师,全职,8000-12000,民营,猎聘,不限,不限,10000.0
贴吧业务部数据分析师(Baidu),百度在线网络技术(北京)有限公司,10000人以上,数据分析师,全职,面议,外商独资/办事处,猎聘,不限,不限,
数据分析师(华兴泛亚),华兴泛亚投资顾问(北京)有限公司,100-499人,金融,全职,面议,外商独资/办事处,猎聘,不限,硕士,
数据分析师(北京蛙鸣华清环保科技有限公司),北京蛙鸣华清环保科技有限公司,50-99人,数据分析师,全职,8000-12000,民营,猎聘,1-3年,本科,10000.0
中级数据分析师(北京智能车联产业创新中心有限公司),北京智能车联产业创新中心有限公司,50-99人,数据分析师,全职,8000-12000,中外合资/合作,猎聘,1-3年,本科,10000.0
数据分析师(中移在线服务有限公司),中移在线服务有限公司,5000-10000人,数据分析师,全职,面议,国企,猎聘,3-5年,本科,
数据分析师（爱棋道）(好未来),北京学而思教育科技有限公司,10000人以上,数据分析师,全职,面议,上市公司,猎聘,不限,本科,
BI数据分析师（金融方向）(北京天河地塬安防技术服务有限公司),北京天河地塬安防技术服务有限公司,1-49人,IT/互联网,全职,8000-12000,民营,猎聘,1-3年,本科,10000.0
数据分析师（教育行业）(北京简学教育科技有限公司),北京简学教育科技有限公司,500-999人,数据分析师,全职,8000-12000,民营,猎聘,3-5年,本科,10000.0
建模分析师(中经网数据),中经网数据有限公司,100-499人,情报信息分析师,全职,8000-12000,国企,猎聘,不限,硕士,10000.0
数据分析师(科旭),上海科旭网络科技股份有限公司,500-999人,数据库开发工程师,全职,8000-12000,上市公司,猎聘,不限,不限,10000.0
数据分析师(人民在线网络北京),北京人民在线网络有限公司,100-499人,数据分析师,全职,8000-12000,国企,猎聘,1-3年,本科,10000.0
数据分析建模师(58同城),北京五八信息技术有限公司,10000人以上,数据建模,全职,12000-20000,中外合资/合作,猎聘,3-5年,本科,16000.0
数据分析师(上海华钦信息科技股份有限公司),大连华钦软件技术有限公司,1000-2000人,数据分析师,全职,8000-12000,民营,猎聘,不限,硕士,10000.0
数据分析师(北京慧融天下信息科技有限公司),北京慧融天下信息科技有限公司,50-99人,市场拓展专员/助理,全职,面议,民营,猎聘,1-3年,不限,
数据分析师-空间数据分析(清华同衡),北京清华同衡规划设计研究院有限公司,1000-2000人,数据分析师,全职,8000-12000,国企,猎聘,不限,硕士,10000.0
数据分析师(bestseller),绫致时装(天津)有限公司,10000人以上,数据运营,全职,面议,外商独资/办事处,猎聘,3-5年,本科,
数据分析高级工程师(旭阳集团),北京旭阳宏业化工有限公司,5000-10000人,IT/互联网,全职,8000-12000,民营,猎聘,5-10年,本科,10000.0
数据分析师(好未来),北京学而思教育科技有限公司,10000人以上,数据运营,全职,面议,上市公司,猎聘,3-5年,本科,
数据分析师(北京数知科技股份有限公司),北京数知科技股份有限公司,1000-2000人,数据分析师,全职,面议,上市公司,猎聘,5-10年,本科,
数据分析师(北京融信数联科技有限公司),北京融信数联科技有限公司,50-99人,数据分析师,全职,面议,民营,猎聘,1-3年,本科,
数据分析师(北京引领海逛科技有限公司),北京引领海逛科技有限公司,100-499人,数据分析师,全职,面议,民营,猎聘,1-3年,本科,
数据分析师(中建投租赁),中建投租赁股份有限公司,100-499人,数据分析师,全职,8000-12000,中外合资/合作,猎聘,不限,本科,10000.0
数据分析师(北京赫德时代科技有限公司),北京赫德时代科技有限公司,50-99人,数据分析师,全职,5000-8000,民营,猎聘,1-3年,本科,6500.0
数据分析师（MCN短视频行业）(北京青藤文化股份有限公司),北京青藤文化股份有限公司,100-499人,市场/公关,全职,8000-12000,上市公司,猎聘,1-3年,大专,10000.0
金融数据分析师(瑞天欣实),北京瑞天欣实数据科技有限公司,50-99人,能源/采掘/化工/环保,全职,8000-12000,民营,猎聘,1-3年,本科,10000.0
金融数据分析师(北京金未来金融信息服务有限公司),北京金未来金融信息服务有限公司,100-499人,数据分析师,全职,8000-12000,民营,猎聘,不限,本科,10000.0
数据分析师(亚信科技),亚信科技(中国)有限公司,10000人以上,数据分析师,全职,20000-25000,民营,猎聘,5-10年,本科,22500.0
数据分析师(北京九鼎无双科技有限公司),北京九鼎无双科技有限公司,100-499人,数据分析师,全职,8000-12000,民营,猎聘,1-3年,本科,10000.0
数据分析师（品质线）(北京自如生活企业管理有限公司),北京自如生活企业管理有限公司,10000人以上,数据分析师,全职,面议,民营,猎聘,1-3年,本科,
行业分析师(北京勾正数据科技有限公司),北京勾正数据科技有限公司,1-49人,咨询/法律/翻译/商标/专利,全职,8000-12000,民营,猎聘,1-3年,本科,10000.0
数据分析师(旅悦集团),旅悦(天津)酒店管理有限公司,2000-5000人,数据分析师,全职,20000-25000,民营,猎聘,3-5年,本科,22500.0
数据分析师(神策网络科技(北京)有限公司),神策网络科技(北京)有限公司,100-499人,数据分析师,全职,面议,民营,猎聘,3-5年,本科,
产业区域经济分析师(龙信数据),龙信数据(北京)有限公司,100-499人,情报信息分析师,全职,面议,民营,猎聘,3-5年,本科,
数据分析师(上海联蔚信息科技有限公司),上海联蔚信息科技有限公司,500-999人,公务员/农林牧渔/其他,全职,8000-12000,民营,猎聘,3-5年,本科,10000.0
数据分析师(北京博乐科技有限公司),北京博乐科技有限公司,50-99人,数据分析师,全职,8000-12000,民营,猎聘,10年以上,本科,10000.0
数据分析师(贵阳高登世德金融科技有限公司),贵阳高登世德金融科技有限公司,50-99人,数据分析师,全职,8000-12000,民营,猎聘,3-5年,本科,10000.0
高薪招聘短途货运司机,上海颛前汽车租赁有限公司浦东分公司,20-99人,,全职,8000-12000,民营,斗米,不限,不限,10000.0
小易到家 直招 销售经理（淞南友谊路2店）,海南小易到家电子商务有限公司上海分公司,20-99人,,全职,8000-12000,民营,斗米,不限,不限,10000.0
高薪急聘快递员包食宿,上海顷慧物流有限公司,20-99人,司机|物流|贸易|保险,全职,8000-12000,民营,斗米,不限,不限,10000.0
急聘高薪快递员包食宿,上海顷慧物流有限公司,20-99人,司机|物流|贸易|保险,全职,8000-12000,民营,斗米,不限,不限,10000.0
小易到家 直招 店面运营经理（美兰湖店）,海南小易到家电子商务有限公司上海分公司,20-99人,,全职,8000-12000,民营,斗米,不限,不限,10000.0
小易到家 直招 渠道分销总监（上大二店）,海南小易到家电子商务有限公司上海分公司,20-99人,销售|市场|客服|公关,全职,8000-12000,民营,斗米,不限,不限,10000.0
小易到家 直招 渠道分销总监（淞南友谊路2店）,海南小易到家电子商务有限公司上海分公司,20-99人,销售|市场|客服|公关,全职,8000-12000,民营,斗米,不限,不限,10000.0
上海豫辉货物运输有限公司,上海豫辉货物运输有限公司,20-99人,,全职,8000-12000,民营,斗米,不限,不限,10000.0
小易到家 直招 渠道分销总监（顾村二店）,海南小易到家电子商务有限公司上海分公司,20-99人,销售|市场|客服|公关,全职,8000-12000,民营,斗米,不限,不限,10000.0
小易到家 直招 渠道分销总监（美兰湖店）,海南小易到家电子商务有限公司上海分公司,20-99人,销售|市场|客服|公关,全职,8000-12000,民营,斗米,不限,不限,10000.0
数据分析师（非研发岗位）(J10542)(北京百分点信息科技有限公司),北京百分点信息科技有限公司,500-999人,数据分析师,全职,8000-12000,民营,猎聘,1-3年,本科,10000.0
数据分析师(J10328)(北京百分点信息科技有限公司),北京百分点信息科技有限公司,500-999人,数据分析师,全职,8000-12000,民营,猎聘,1-3年,本科,10000.0
数据分析师(方家铺子),方家铺子(莆田)绿色食品有限公司,100-499人,数据分析师,全职,8000-12000,民营,猎聘,3-5年,本科,10000.0
数据分析师(北京精佳诚羊绒制品有限公司),北京精佳诚羊绒制品有限公司,,电商运营,全职,5000-8000,民营,猎聘,不限,本科,6500.0
数据分析师(北京爱康医疗投资控股集团有限公司),北京爱康医疗投资控股集团有限公司,2000-5000人,数据分析师,全职,8000-12000,民营,猎聘,3-5年,本科,10000.0
大数据分析师(医来伸手互联网医院(广州)有限公司),医来伸手互联网医院(广州)有限公司,100-499人,数据分析师,全职,8000-12000,民营,猎聘,不限,本科,10000.0
数据分析建模师(北京羽实箫恩信息技术股份有限公司),北京羽实箫恩信息技术股份有限公司,50-99人,IT/互联网,全职,8000-12000,民营,猎聘,1-3年,大专,10000.0
数据分析师（支付方向）(畅捷通支付北京),北京畅捷通支付技术有限公司,100-499人,数据分析师,全职,8000-12000,民营,猎聘,1-3年,本科,10000.0
风控数据决策分析师(马上消费金融股份有限公司),马上消费金融股份有限公司,2000-5000人,风险控制,全职,12000-20000,民营,猎聘,3-5年,本科,16000.0
数据分析师(敦煌网),世纪禾光科技发展(北京)有限公司,500-999人,业务分析专员/助理,全职,8000-12000,外商独资/办事处,猎聘,1-3年,本科,10000.0
数据分析师(乐普),乐普(北京)医疗器械股份有限公司,2000-5000人,数据分析师,全职,8000-12000,上市公司,猎聘,1-3年,硕士,10000.0
数据统计分析师(天九共享控股集团有限公司),天九共享控股集团有限公司,2000-5000人,销售/客服/技术支持,全职,面议,民营,猎聘,5-10年,本科,
数据分析师(碧桂园集团),珠海市碧桂园管理服务有限公司,10000人以上,数据库开发工程师,全职,面议,民营,猎聘,3-5年,硕士,
数据分析师(北京泰豪智能工程有限公司),北京泰豪智能工程有限公司,2000-5000人,数据分析师,全职,面议,民营,猎聘,3-5年,硕士,
大数据分析师(新聚思北京),北京新聚思信息技术有限公司,500-999人,IT/互联网,全职,面议,外商独资/办事处,猎聘,3-5年,本科,
网络数据分析架构师(新华三集团),新华三技术有限公司,10000人以上,数据架构师,全职,12000-20000,中外合资/合作,猎聘,1-3年,本科,16000.0
数据分析师(慧算账),北京公瑾科技有限公司,2000-5000人,数据分析师,全职,面议,民营,猎聘,5-10年,本科,
数据分析师(明医众禾科技(北京)有限责任公司),明医众禾科技(北京)有限责任公司,100-499人,数据分析师,全职,20000-25000,民营,猎聘,1-3年,本科,22500.0
数据分析师(康辰药业),北京康辰药业股份有限公司,100-499人,业务分析专员/助理,全职,8000-12000,上市公司,猎聘,1-3年,本科,10000.0
数据分析架构师(北京志翔科技股份有限公司),北京志翔科技股份有限公司,100-499人,数据分析师,全职,25000以上,民营,猎聘,5-10年,本科,25000.0
媒介策划分析师(北京勾正数据科技有限公司),北京勾正数据科技有限公司,1-49人,媒介策划,全职,8000-12000,民营,猎聘,1-3年,本科,10000.0
需求分析师(同方股份大数据产业本部),同方股份大数据产业本部,10000人以上,IT/互联网,全职,8000-12000,国企,猎聘,1-3年,本科,10000.0
数据分析师-KOL方向(北京字节跳动网络技术有限公司),北京字节跳动网络技术有限公司,10000人以上,数据分析师,全职,面议,民营,猎聘,3-5年,本科,
网络情报分析师(福韵数据服务有限公司),福韵数据服务有限公司,100-499人,情报信息分析师,全职,5000-8000,民营,猎聘,不限,硕士,6500.0
风险数据高级分析师(友信金服),北京友信科技有限公司,10000人以上,风险控制,全职,25000以上,民营,猎聘,5-10年,本科,25000.0
财务分析师(上海沣石数据服务有限公司),上海沣石数据服务有限公司,100-499人,财务/人力资源/行政,全职,8000-12000,民营,猎聘,3-5年,本科,10000.0
高级需求分析师(国网商用大数据有限公司),国网商用大数据有限公司,50-99人,IT/互联网,全职,面议,民营,猎聘,3-5年,本科,
大数据分析开发工程师(新华三集团),新华三技术有限公司,10000人以上,数据挖掘工程师,全职,8000-12000,中外合资/合作,猎聘,1-3年,本科,10000.0
高薪直招金融数据分析师助理,北京瑞益信息咨询有限公司,,计算机/互联网/信息技术,全职,5000-8000,中外合资/合作,OFweek人才网,不限,不限,6500.0
双休高薪  金融数据分析师助理,北京万向天乾科技有限公司,,计算机/互联网/信息技术,全职,8000-12000,中外合资/合作,OFweek人才网,不限,不限,10000.0
资深数据挖掘分析师,字节跳动,,其它,全职,25000以上,民营,OFweek人才网,不限,本科,25000.0
数据分析工程师(小红唇(北京)网络科技有限公司),小红唇(北京)网络科技有限公司,100-499人,咨询/法律/翻译/商标/专利,全职,8000-12000,民营,猎聘,1-3年,本科,10000.0
高级数据策略分析师(饿了么),拉扎斯网络科技(上海)有限公司,10000人以上,数据分析师,全职,12000-20000,外商独资/办事处,猎聘,3-5年,本科,16000.0
数据分析工程师(永辉彩食鲜发展有限公司),永辉彩食鲜发展有限公司,2000-5000人,数据分析师,全职,12000-20000,民营,猎聘,3-5年,大专,16000.0
数据运营分析师(J10108)(首约科技(北京)有限公司),首约科技(北京)有限公司,10000人以上,数据运营,全职,8000-12000,国企,猎聘,3-5年,本科,10000.0
交易咨询数据分析 Data Analytics(安永EY),安永华明会计师事务所(特殊普通合伙)上海分所,1000-2000人,Python,全职,12000-20000,外商独资/办事处,猎聘,1-3年,本科,16000.0
数据分析与挖掘程师(北京初速度科技有限公司),北京魔门塔科技有限公司,100-499人,数据库开发工程师,全职,12000-20000,中外合资/合作,猎聘,不限,本科,16000.0
数据分析工程师(北京派网软件有限公司),北京派网软件有限公司,,数据分析师,全职,12000-20000,民营,猎聘,3-5年,本科,16000.0
数据分析架构师(明智医疗科技(上海)有限公司),明智医疗科技(上海)有限公司,50-99人,架构师,全职,20000-25000,民营,猎聘,1-3年,硕士,22500.0
资深数据分析工程师(爱奇艺),北京奇艺世纪科技有限公司,5000-10000人,数据分析师,全职,20000-25000,民营,猎聘,3-5年,本科,22500.0
临床数据统计分析师,北京预立创投生物医学科技有限公司,20-99人,财务/审计/税务,全职,8000-12000,民营,OFweek人才网,不限,不限,10000.0
数据分析工程师(006050)(广联达),广联达科技股份有限公司,2000-5000人,数据分析师,全职,20000-25000,上市公司,猎聘,5-10年,不限,22500.0
资深数据分析工程师(小川科技),北京小川在线网络技术有限公司,100-499人,数据分析师,全职,25000以上,民营,猎聘,3-5年,本科,25000.0
ACG百度智能云数据挖掘分析师(Baidu),百度在线网络技术(北京)有限公司,10000人以上,数据挖掘工程师,全职,25000以上,外商独资/办事处,猎聘,3-5年,本科,25000.0
sas数据分析挖掘师(深圳索信达数据技术有限公司),深圳索信达数据技术有限公司,100-499人,数据分析师,全职,12000-20000,外商独资/办事处,猎聘,3-5年,本科,16000.0
高级数据分析工程师(Baidu),百度在线网络技术(北京)有限公司,10000人以上,数据挖掘工程师,全职,20000-25000,外商独资/办事处,猎聘,不限,本科,22500.0
数据分析工程师(寄云鼎城科技),北京寄云鼎城科技有限公司,100-499人,数据分析师,全职,20000-25000,民营,猎聘,5-10年,本科,22500.0
数据产品分析师(天创信用服务有限公司),天创信用服务有限公司,100-499人,数据分析师,全职,12000-20000,民营,猎聘,3-5年,本科,16000.0
风险政策分析师（数据方向)(J191024008)(滴滴),北京嘀嘀无限科技发展有限公司,5000-10000人,能源/采掘/化工/环保,全职,25000以上,外商独资/办事处,猎聘,5-10年,本科,25000.0
数据分析工程师(旭阳集团),北京旭阳宏业化工有限公司,5000-10000人,数据分析师,全职,12000-20000,民营,猎聘,不限,本科,16000.0
数据分析工程师(北京英迪瑞讯网络科技有限公司),北京英迪瑞讯网络科技有限公司,1-49人,数据分析师,全职,12000-20000,民营,猎聘,不限,本科,16000.0
网络数据分析工程师(泰康保险集团股份有限公司),泰康保险集团股份有限公司,10000人以上,IT/互联网,全职,12000-20000,民营,猎聘,3-5年,本科,16000.0
集团用户数据资产整合分析师(美团点评),北京三快在线科技有限公司,10000人以上,数据分析师,全职,面议,上市公司,猎聘,3-5年,本科,
分析师(北京勾正数据科技有限公司),北京勾正数据科技有限公司,1-49人,情报信息分析师,全职,12000-20000,民营,猎聘,3-5年,本科,16000.0
数据分析工程师(芯视界(北京)科技有限公司),芯视界(北京)科技有限公司,50-99人,数据分析师,全职,8000-12000,民营,猎聘,不限,本科,10000.0
大数据工程师（数据分析岗）(北京展云科技有限公司),北京展云科技有限公司,,数据分析师,全职,8000-12000,民营,猎聘,3-5年,本科,10000.0
数据分析工程师(跨越速运),跨越速运集团有限公司,10000人以上,数据分析师,全职,12000-20000,民营,猎聘,5-10年,本科,16000.0
2020届-数据分析工程师(中油瑞飞),北京中油瑞飞信息技术有限责任公司,2000-5000人,数据分析师,全职,5000-8000,国企,猎聘,不限,本科,6500.0
数据分析实习工程师(北京清能互联科技有限公司),北京清能互联科技有限公司,100-499人,数据分析师,全职,3000-5000,民营,猎聘,不限,本科,4000.0
信息流-数据分析工程师 (MJ003265)(搜狗),北京搜狗科技发展有限公司,2000-5000人,数据分析师,全职,面议,外商独资/办事处,猎聘,不限,本科,
bi工程师数据分析方向(广州欧昊装饰工程有限公司北京分公司),博洛尼家居装饰(北京)有限公司,,IT/互联网,全职,12000-20000,民营,猎聘,3-5年,大专,16000.0
需求分析师（大数据产品部）(用友),北京用友政务软件股份有限公司,500-999人,其他互联网+产品职位,全职,12000-20000,民营,猎聘,1-3年,本科,16000.0
云计算数据分析开发工程师(中国移动通信有限公司研究院),中国移动通信有限公司研究院,500-999人,架构师,全职,12000-20000,国企,猎聘,3-5年,本科,16000.0
数据分析工程师(J10075)(科创恒利),北京科创恒利科技有限公司,100-499人,数据分析师,全职,8000-12000,民营,猎聘,不限,大专,10000.0
大数据需求分析师(嘉和美康),北京嘉和美康信息技术有限公司,1000-2000人,IT/互联网,全职,12000-20000,民营,猎聘,1-3年,硕士,16000.0
数据运营分析师(新智控股投资有限公司),新智控股投资有限公司,2000-5000人,数据产品经理,全职,面议,民营,猎聘,1-3年,本科,
生信工程师-数据分析(北京优乐复生科技有限责任公司),北京优乐复生科技有限责任公司,1-49人,生物技术员,全职,8000-12000,民营,猎聘,1-3年,本科,10000.0
大数据应用分析师（应届）(马上消费金融股份有限公司),马上消费金融股份有限公司,2000-5000人,数据分析师,全职,8000-12000,民营,猎聘,不限,本科,10000.0
数据分析工程师 （评估方向）(Baidu),百度在线网络技术(北京)有限公司,10000人以上,数据分析师,全职,面议,外商独资/办事处,猎聘,不限,本科,
数据分析工程师(金恪集团),上海金恪企业管理咨询有限公司,1000-2000人,数据分析师,全职,8000-12000,民营,猎聘,3-5年,本科,10000.0
数据运营分析师（北京）(北京市长城企业战略研究所),北京市长城企业战略研究所,100-499人,咨询顾问/咨询员,全职,5000-8000,民营,猎聘,1-3年,本科,6500.0
C工程师(某知名大数据分析服务提供商),某知名大数据分析服务提供商,100-499人,C++,全职,20000-25000,民营,猎聘,1-3年,本科,22500.0
数据分析工程师(中科软科技股份有限公司),中科软科技股份有限公司,5000-10000人,数据分析师,全职,5000-8000,民营,猎聘,1-3年,本科,6500.0
数据挖掘分析师(京东数字科技控股有限公司),京东数字科技控股有限公司,2000-5000人,数据挖掘工程师,全职,面议,外商独资/办事处,猎聘,5-10年,本科,
大数据分析工程师（高级）(中油瑞飞),北京中油瑞飞信息技术有限责任公司,2000-5000人,数据分析师,全职,20000-25000,国企,猎聘,3-5年,博士,22500.0
数据分析工程师(科创恒利),北京科创恒利科技有限公司,100-499人,IT/互联网,全职,8000-12000,民营,猎聘,不限,大专,10000.0
需求分析师(深圳索信达数据技术有限公司),深圳索信达数据技术有限公司,100-499人,IT/互联网,全职,12000-20000,外商独资/办事处,猎聘,3-5年,本科,16000.0
数据运营分析师(人人公司),北京千橡网景科技发展有限公司,2000-5000人,IT/互联网,全职,20000-25000,民营,猎聘,3-5年,本科,22500.0
研究分析师（影视文娱）(艺恩),北京艺恩世纪数据科技股份有限公司,50-99人,咨询/法律/翻译/商标/专利,全职,8000-12000,民营,猎聘,1-3年,本科,10000.0
数据分析工程师(006050) (职位编号：glodon006050)(广联达),广联达科技股份有限公司,2000-5000人,数据库开发工程师,全职,12000-20000,上市公司,猎聘,5-10年,不限,16000.0
数据高级分析师(友信金服),北京友信科技有限公司,10000人以上,IT/互联网,全职,25000以上,民营,猎聘,3-5年,硕士,25000.0
高级业务需求分析师（金融数据分析方向-急）(中网数据(北京)股份有限公司),中网数据(北京)股份有限公司,100-499人,IT/互联网,全职,25000以上,民营,猎聘,5-10年,本科,25000.0
数据分析工程师(油气勘探开发GIS)(中油瑞飞),北京中油瑞飞信息技术有限责任公司,2000-5000人,数据分析师,全职,8000-12000,国企,猎聘,3-5年,本科,10000.0
数据风控分析师(北京聚量广告传媒有限公司),北京聚量广告传媒有限公司,50-99人,数据分析师,全职,12000-20000,民营,猎聘,1-3年,本科,16000.0
数据资深分析师(友信金服),北京友信科技有限公司,10000人以上,数据分析师,全职,25000以上,民营,猎聘,3-5年,本科,25000.0
数据建模分析师(宜信公司),普信恒业科技发展(北京)有限公司,10000人以上,数据分析师,全职,面议,民营,猎聘,1-3年,本科,
数据分析工程师(川北真空科技(北京)有限公司),川北真空科技(北京)有限公司,100-499人,咨询/法律/翻译/商标/专利,全职,5000-8000,民营,猎聘,不限,本科,6500.0
数据分析系统工程师(北京锦鸿希电信息技术股份有限公司),北京锦鸿希电信息技术股份有限公司,100-499人,算法工程师,全职,12000-20000,民营,猎聘,3-5年,硕士,16000.0
数据模型分析师（急）(北京中佳信科技发展有限公司),北京中佳信科技发展有限公司,100-499人,能源/采掘/化工/环保,全职,20000-25000,民营,猎聘,3-5年,硕士,22500.0
财务分析师(某知名大数据分析服务公司),某知名大数据分析服务公司,100-499人,财务/人力资源/行政,全职,12000-20000,民营,猎聘,5-10年,本科,16000.0
商业分析师（数据方向）(武汉小药药医药科技有限公司),武汉小药药医药科技有限公司,2000-5000人,数据分析师,全职,12000-20000,民营,猎聘,5-10年,本科,16000.0
高级数据分析工程师(华远智德(北京)科技有限公司),华远智德(北京)科技有限公司,,系统工程师,全职,8000-12000,民营,猎聘,3-5年,本科,10000.0
高级财务分析师-数据方向(宜信公司),普信恒业科技发展(北京)有限公司,10000人以上,财务/人力资源/行政,全职,12000-20000,民营,猎聘,5-10年,本科,16000.0
数据分析工程师(001379)(北汽福田),北汽福田汽车股份有限公司,10000人以上,制药/医疗,全职,8000-12000,上市公司,猎聘,3-5年,本科,10000.0
数据分析工程师(北京亮道智能汽车技术有限公司),北京亮道智能汽车技术有限公司,50-99人,数据分析师,全职,12000-20000,民营,猎聘,3-5年,本科,16000.0
数据分析高级工程师(J14651)(金风科技),新疆金风科技股份有限公司,5000-10000人,IT/互联网,全职,12000-20000,民营,猎聘,3-5年,本科,16000.0
战略分析师(北京沃丰时代数据科技有限公司),北京沃丰时代数据科技有限公司,100-499人,市场/公关,全职,12000-20000,民营,猎聘,3-5年,本科,16000.0
数据分析工程师（应届生户口）(北京泰豪智能工程有限公司),北京泰豪智能工程有限公司,2000-5000人,IT/互联网,全职,5000-8000,民营,猎聘,不限,硕士,6500.0
数据分析工程师(欣旺达),欣旺达电子股份有限公司,10000人以上,IT/互联网,全职,12000-20000,上市公司,猎聘,1-3年,硕士,16000.0
数据分析挖掘工程师(深圳索信达数据技术有限公司),深圳索信达数据技术有限公司,100-499人,数据分析师,全职,20000-25000,外商独资/办事处,猎聘,3-5年,本科,22500.0
数据分析开发工程师 (MJ000363)(水滴公司),北京纵情向前科技有限公司,2000-5000人,Java,全职,20000-25000,民营,猎聘,3-5年,不限,22500.0
数据分析建模工程师(北京羽实箫恩信息技术股份有限公司),北京羽实箫恩信息技术股份有限公司,50-99人,IT/互联网,全职,8000-12000,民营,猎聘,1-3年,大专,10000.0
数据模型分析师(马上消费金融股份有限公司),马上消费金融股份有限公司,2000-5000人,风险控制,全职,12000-20000,民营,猎聘,1-3年,本科,16000.0
数据分析工程师0420(米图维(上海)商务咨询有限公司),米图维(上海)商务咨询有限公司,,IT/互联网,全职,8000-12000,中外合资/合作,猎聘,1-3年,硕士,10000.0
高级数据服务需求分析师(北京中科恒硕科技有限公司),北京中科恒硕科技有限公司,50-99人,IT/互联网,全职,25000以上,民营,猎聘,10年以上,本科,25000.0
数据分析工程师(捷越),北京捷越联合信息咨询有限公司,5000-10000人,数据库开发工程师,全职,20000-25000,民营,猎聘,5-10年,本科,22500.0
行业分析师（数据统计）(北京易二零环境股份有限公司),北京易二零环境股份有限公司,100-499人,情报信息分析师,全职,5000-8000,上市公司,猎聘,不限,硕士,6500.0
数据分析挖掘工程师(中国移动通信有限公司研究院),中国移动通信有限公司研究院,500-999人,数据挖掘工程师,全职,面议,国企,猎聘,1-3年,硕士,
数据分析建模工程师(国网商用大数据有限公司),国网商用大数据有限公司,50-99人,IT/互联网,全职,面议,民营,猎聘,3-5年,本科,
大数据分析工程师(国网商用大数据有限公司),国网商用大数据有限公司,50-99人,数据分析师,全职,面议,民营,猎聘,3-5年,本科,
数据分析工程师(北京锦鸿希电信息技术股份有限公司),北京锦鸿希电信息技术股份有限公司,100-499人,咨询/法律/翻译/商标/专利,全职,8000-12000,民营,猎聘,不限,硕士,10000.0
算法和数据分析高级工程师(新奥能源服务有限公司),新奥能源服务有限公司,500-999人,算法工程师,全职,面议,民营,猎聘,1-3年,本科,
数据分析工程师(中云智慧科技),中云智慧(北京)科技有限公司,100-499人,IT/互联网,全职,5000-8000,民营,猎聘,不限,本科,6500.0
数据分析工程师(光大科技有限公司),光大科技有限公司,100-499人,数据分析师,全职,面议,国企,猎聘,3-5年,本科,
建设工程数据分析工程师 (MJ000893)(广联达),广联达科技股份有限公司,2000-5000人,房地产成本经理/主管,全职,20000-25000,上市公司,猎聘,5-10年,本科,22500.0
商业分析师(北京超盟数据科技有限公司),北京超萌国际文化有限公司,50-99人,数据分析师,全职,20000-25000,民营,猎聘,5-10年,本科,22500.0
财务分析师(某互联网大数据企业),某互联网大数据企业,100-499人,财务/人力资源/行政,全职,12000-20000,民营,猎聘,1-3年,本科,16000.0
数据分析工程师(南京华苏科技有限公司),南京华苏科技有限公司,2000-5000人,咨询/法律/翻译/商标/专利,全职,5000-8000,民营,猎聘,3-5年,大专,6500.0
大数据分析工程师(源讯信息技术(中国)有限公司),源讯信息技术(中国)有限公司,500-999人,咨询/法律/翻译/商标/专利,全职,8000-12000,外商独资/办事处,猎聘,5-10年,本科,10000.0
大数据分析工程师(清华大学天津电子信息研究院),清华大学天津电子信息研究院,100-499人,数据分析师,全职,8000-12000,事业单位,猎聘,1-3年,本科,10000.0
研发中心-数据分析工程师(J14749)(北京金风科创风电设备有限公司),北京金风科创风电设备有限公司,1000-2000人,生产制造/造纸印刷/服装服?机械设计/制造/维修,全职,面议,上市公司,猎聘,3-5年,硕士,
大数据分析工程师(上海中芯国际),中芯国际集成电路制造(上海)有限公司,10000人以上,IT/互联网,全职,面议,民营,猎聘,1-3年,本科,
系统需求分析师(河北秦淮数据有限公司),河北秦淮数据有限公司,500-999人,系统工程师,全职,8000-12000,民营,猎聘,5-10年,本科,10000.0
数据分析工程师0419(米图维(上海)商务咨询有限公司),米图维(上海)商务咨询有限公司,,IT/互联网,全职,8000-12000,中外合资/合作,猎聘,不限,不限,10000.0
数据分析工程师(米图维(上海)商务咨询有限公司),米图维(上海)商务咨询有限公司,,生产制造/造纸印刷/服装服?质量管理/安全防护,全职,8000-12000,中外合资/合作,猎聘,3-5年,不限,10000.0
高级数据分析应用开发工程师（北京）(海尔家电产业集团-—),海尔家电产业集团-—,,数据分析师,全职,面议,民营,猎聘,3-5年,本科,
销售经理主管(北京中辉智诚数据分析师事务所有限公司),北京中辉智诚数据分析师事务所有限公司,,制药/医疗,全职,8000-12000,民营,猎聘,不限,大专,10000.0
北京高级分析师(广东赢商网数据服务股份有限公司),广东赢商网数据服务股份有限公司,100-499人,市场/公关,全职,8000-12000,上市公司,猎聘,1-3年,本科,10000.0
科技中心-大数据分析开发工程师(网信集团),网信集团有限公司,2000-5000人,数据挖掘工程师,全职,面议,民营,猎聘,1-3年,本科,
质量数据分析工程师(帝亚一维新能源汽车有限公司),帝亚一维新能源汽车有限公司,100-499人,生产制造/造纸印刷/服装服?质量管理/安全防护,全职,面议,民营,猎聘,3-5年,本科,
源清单编制工程师/数据分析,中科弘清（北京）科技有限公司,,其它,全职,3000-5000,民营,OFweek人才网,不限,本科,4000.0
民航容量评估数据分析工程师,北京全顺辅科贸有限公司,,其它,全职,8000-12000,民营,OFweek人才网,不限,不限,10000.0
数据分析工程师专家(国内轨道交通行业新兴公司),国内轨道交通行业新兴公司,50-99人,数据分析师,全职,12000-20000,民营,猎聘,1-3年,本科,16000.0
数据挖掘与分析师(北京如易行科技有限公司),北京如易行科技有限公司,100-499人,数据挖掘工程师,全职,8000-12000,民营,猎聘,3-5年,本科,10000.0
VBA开发软件工程师  数据分析专员,北京学语乐童文化发展有限公司,,激光/光学,全职,8000-12000,民营,OFweek人才网,不限,不限,10000.0
数据分析行业分析工程师(某互联网公司),某互联网公司,10000人以上,数据分析师,全职,25000以上,中外合资/合作,猎聘,5-10年,本科,25000.0
数据分析高级工程师 3010092(富士康工业互联网股份有限公司),富士康工业互联网股份有限公司,10000人以上,数据分析师,全职,12000-20000,中外合资/合作,猎聘,5-10年,本科,16000.0
高级数据策略分析师（建模方向）(便利蜂),睦邻企业管理服务(北京)有限公司,5000-10000人,数据分析师,全职,25000以上,民营,猎聘,3-5年,本科,25000.0
数据分析工程师(畅捷通信息技术股份有限公司),畅捷通信息技术股份有限公司,500-999人,数据分析师,全职,20000-25000,上市公司,猎聘,3-5年,本科,22500.0
数据分析工程师(国内知名智能轨道交通),国内知名智能轨道交通,50-99人,数据分析师,全职,12000-20000,民营,猎聘,3-5年,本科,16000.0
数据分析及制图分析工程师(北京国测星绘信息技术有限公司),北京国测星绘信息技术有限公司,50-99人,数据分析师,全职,8000-12000,国企,猎聘,不限,本科,10000.0
高级经济统计分析师（大数据生物经济地域经济）(火石创造),杭州费尔斯通科技有限公司,100-499人,情报信息分析师,全职,20000-25000,民营,猎聘,5-10年,硕士,22500.0
数据分析工程师数据科学家(北京瑞思天创科技有限公司),北京瑞思天创科技有限公司,,数据分析师,全职,12000-20000,民营,猎聘,3-5年,本科,16000.0
数据分析工程师 (MJ000096)(北京领创智信科技有限公司),北京领创智信科技有限公司,1000-2000人,数据分析师,全职,20000-25000,民营,猎聘,1-3年,本科,22500.0
数据分析工程师(北京中经惠众科技有限公司),北京中经惠众科技有限公司,100-499人,数据分析师,全职,12000-20000,民营,猎聘,1-3年,本科,16000.0
商业分析师策略运营数据分析(美团点评),北京三快在线科技有限公司,10000人以上,咨询/法律/翻译/商标/专利,全职,面议,上市公司,猎聘,1-3年,本科,
数据运营-专家分析师(云账户（天津）共享经济信息咨询有限公司),云账户技术(天津)有限公司,100-499人,数据运营,全职,25000以上,民营,猎聘,5-10年,本科,25000.0
大气源解析数据分析工程师(北京博赛德科技有限公司),北京博赛德科技有限公司,50-99人,数据分析师,全职,8000-12000,民营,猎聘,1-3年,硕士,10000.0
数据分析工程师 3010091(富士康工业互联网股份有限公司),富士康工业互联网股份有限公司,10000人以上,数据分析师,全职,8000-12000,中外合资/合作,猎聘,1-3年,本科,10000.0
大数据分析工程师 (MJ000276)(玖富数科科技集团有限责任公司),玖富数科科技集团有限责任公司,1000-2000人,数据分析师,全职,20000-25000,民营,猎聘,3-5年,本科,22500.0
移动生态战略规划部数据分析产品运营师(Baidu),百度在线网络技术(北京)有限公司,10000人以上,其他互联网+产品职位,全职,12000-20000,外商独资/办事处,猎聘,1-3年,本科,16000.0
大数据高级分析师(央视频融媒体发展有限公司),央视频融媒体发展有限公司,100-499人,数据分析师,全职,面议,国企,猎聘,3-5年,本科,
大数据架构师(依托数据分析的，聚合形成个人信用码的新科技平台公司),依托数据分析的，聚合形成个人信用码的新科技平台公司,100-499人,数据架构师,全职,25000以上,民营,猎聘,5-10年,本科,25000.0
高级数据分析工程师(上海铸岩信息技术有限公司),上海铸岩信息技术有限公司,100-499人,数据分析师,全职,25000以上,民营,猎聘,5-10年,本科,25000.0
大数据分析工程师(佳讯飞鸿(北京)智能科技研究院有限公司),佳讯飞鸿(北京)智能科技研究院有限公司,50-99人,数据库开发工程师,全职,12000-20000,上市公司,猎聘,1-3年,硕士,16000.0
数据分析工程师(Baidu),百度在线网络技术(北京)有限公司,10000人以上,数据分析师,全职,面议,外商独资/办事处,猎聘,不限,本科,
用户行为研究部数据分析工程师(Baidu),百度在线网络技术(北京)有限公司,10000人以上,数据分析师,全职,面议,外商独资/办事处,猎聘,不限,本科,
数据分析工程师(中电太极(集团)有限公司),中电太极(集团)有限公司,5000-10000人,数据分析师,全职,8000-12000,国企,猎聘,3-5年,本科,10000.0
数据分析挖掘工程师专家(美菜),北京云杉信息技术有限公司,5000-10000人,数据库开发工程师,全职,25000以上,民营,猎聘,5-10年,本科,25000.0
数据分析工程师(海博思创),北京海博思创科技有限公司,500-999人,网络工程师,全职,8000-12000,中外合资/合作,猎聘,不限,本科,10000.0
HR数据运营分析师(北京快手科技有限公司),北京达佳互联信息技术有限公司,5000-10000人,数据分析师,全职,面议,民营,猎聘,不限,不限,
高级数据运营分析师运营分析主管(J11912)(58同城),北京五八信息技术有限公司,10000人以上,IT/互联网,全职,12000-20000,中外合资/合作,猎聘,3-5年,本科,16000.0
数据业务分析师（业务分析咨询顾问）(软通动力),软通动力信息技术(集团)有限公司,10000人以上,咨询/法律/翻译/商标/专利,全职,25000以上,上市公司,猎聘,5-10年,本科,25000.0
汽车金融部-数据策略分析师(汽车之家),北京齐尔布莱特科技有限公司,2000-5000人,数据分析师,全职,20000-25000,民营,猎聘,3-5年,本科,22500.0
大数据需求分析师(中商利高科技(北京)有限公司),中商利高科技(北京)有限公司,,IT/互联网,全职,25000以上,民营,猎聘,10年以上,本科,25000.0
资深开发工程师 - 大数据分析(J191015001)(滴滴),北京嘀嘀无限科技发展有限公司,5000-10000人,数据分析师,全职,12000-20000,外商独资/办事处,猎聘,3-5年,本科,16000.0
电力行业数据分析工程师(北京志翔科技股份有限公司),北京志翔科技股份有限公司,100-499人,数据分析师,全职,12000-20000,民营,猎聘,不限,本科,16000.0
数据挖掘数据分析工程师(北京奇元科技有限公司),北京奇元科技有限公司,,Python,全职,25000以上,民营,猎聘,3-5年,本科,25000.0
驾驶场景数据分析工程师(国汽(北京)智能网联汽车研究院有限公司),国汽(北京)智能网联汽车研究院有限公司,100-499人,数据分析师,全职,12000-20000,民营,猎聘,5-10年,硕士,16000.0
大数据分析工程师(车满满(北京)信息技术有限公司),车满满(北京)信息技术有限公司,100-499人,IT/互联网,全职,20000-25000,民营,猎聘,5-10年,本科,22500.0
大数据分析工程师(太和睿信),北京太和睿信企业管理顾问有限公司,100-499人,数据分析师,全职,20000-25000,民营,猎聘,5-10年,本科,22500.0
测试数据分析工程师(某北京新能源知名公司),某北京新能源知名公司,100-499人,销售/客服/技术支持,全职,12000-20000,上市公司,猎聘,5-10年,本科,16000.0
数据分析及报表开发工程师(兴业银行股份有限公司北京分行),兴业银行股份有限公司北京分行,2000-5000人,数据分析师,全职,25000以上,国企,猎聘,3-5年,本科,25000.0
物业行业分析师(北京中指讯博数据信息技术有限公司),北京中指讯博数据信息技术有限公司,500-999人,行业研究,全职,8000-12000,民营,猎聘,1-3年,硕士,10000.0
数据分析工程师(微加普惠),云南微加经济信息咨询有限公司,100-499人,数据分析师,全职,20000-25000,民营,猎聘,3-5年,本科,22500.0
数据分析工程师(清控紫荆),清控紫荆(北京)教育科技股份有限公司,50-99人,其他互联网+技术职位,全职,25000以上,民营,猎聘,3-5年,本科,25000.0
风险决策分析师-大数据方向009777(京东数字科技控股有限公司),京东数字科技控股有限公司,2000-5000人,能源/采掘/化工/环保,全职,面议,外商独资/办事处,猎聘,3-5年,硕士,
数据分析工程师（物流规划）(旷视科技),北京旷视科技有限公司,2000-5000人,数据分析师,全职,面议,民营,猎聘,3-5年,本科,
网络人工智能架构师大数据分析架构师(国内知名互联网企业),国内知名互联网企业,50-99人,IT/互联网,全职,25000以上,民营,猎聘,5-10年,本科,25000.0
气象数据分析工程师(航天新气象科技有限公司),航天新气象科技有限公司,100-499人,数据分析师,全职,面议,国企,猎聘,不限,本科,
